id,indicator_id,state,zone,value,created_at
1734c6ed-8c65-4883-a337-aaa3ad83a1d4,43886790-ae58-4382-81d4-f9bb39cdbc06,FCT-Abuja,North Central,31.10,2025-12-21 14:29:39.824545
ea33b294-a1e8-4511-be9f-4d6ee87c77e8,43886790-ae58-4382-81d4-f9bb39cdbc06,Benue,North Central,58.30,2025-12-21 14:29:39.824545
8ad1e0af-91e7-4132-a275-427d95ed8ce0,43886790-ae58-4382-81d4-f9bb39cdbc06,Kogi,North Central,22.60,2025-12-21 14:29:39.824545
fce5d1dc-2214-468f-8626-0542ac29b332,43886790-ae58-4382-81d4-f9bb39cdbc06,Kwara,North Central,48.10,2025-12-21 14:29:39.824545
e5910ff1-b4d7-4380-80cf-29936e2265ef,43886790-ae58-4382-81d4-f9bb39cdbc06,Nasarawa,North Central,20.50,2025-12-21 14:29:39.824545
716297d5-75a7-4847-a3cd-361d35f4ee2f,43886790-ae58-4382-81d4-f9bb39cdbc06,Niger,North Central,31.90,2025-12-21 14:29:39.824545
78ada53d-361d-4900-97fd-aae0a31ee723,43886790-ae58-4382-81d4-f9bb39cdbc06,Plateau,North Central,25.40,2025-12-21 14:29:39.824545
7163d87a-d34e-48b6-b8d0-76cfb95f6c49,43886790-ae58-4382-81d4-f9bb39cdbc06,Adamawa,North East,73.90,2025-12-21 14:29:39.824545
9c3795a0-63c6-476b-ad80-ad0566f8545d,43886790-ae58-4382-81d4-f9bb39cdbc06,Bauchi,North East,54.40,2025-12-21 14:29:39.824545
f3174e58-f32a-4943-894e-d91036011755,43886790-ae58-4382-81d4-f9bb39cdbc06,Borno,North East,31.50,2025-12-21 14:29:39.824545
366c8db4-9fec-4b88-b619-4e52198b18d5,43886790-ae58-4382-81d4-f9bb39cdbc06,Gombe,North East,68.50,2025-12-21 14:29:39.824545
505201e3-5179-4be6-ae5a-5a59137cc989,43886790-ae58-4382-81d4-f9bb39cdbc06,Taraba,North East,45.80,2025-12-21 14:29:39.824545
65ead266-5172-47c8-9948-dd8267509d0c,43886790-ae58-4382-81d4-f9bb39cdbc06,Yobe,North East,51.20,2025-12-21 14:29:39.824545
7040b925-7d2c-4392-a4fd-8d1722b44092,43886790-ae58-4382-81d4-f9bb39cdbc06,Jigawa,North West,69.60,2025-12-21 14:29:39.824545
003fc227-519f-4c92-8268-2a4d84f8aaa2,43886790-ae58-4382-81d4-f9bb39cdbc06,Kaduna,North West,63.30,2025-12-21 14:29:39.824545
c61704d9-eda0-4a79-843d-4b3c6b88c2ff,43886790-ae58-4382-81d4-f9bb39cdbc06,Kano,North West,63.30,2025-12-21 14:29:39.824545
de2835de-ebf1-4750-94d1-438b185272e4,43886790-ae58-4382-81d4-f9bb39cdbc06,Katsina,North West,40.00,2025-12-21 14:29:39.824545
779ee658-7208-49f0-8bfe-08602c351e8e,43886790-ae58-4382-81d4-f9bb39cdbc06,Kebbi,North West,46.90,2025-12-21 14:29:39.824545
22ea7097-b68f-4644-bd99-48e66d5eff6b,43886790-ae58-4382-81d4-f9bb39cdbc06,Sokoto,North West,44.30,2025-12-21 14:29:39.824545
7aa47402-1376-4f56-a397-897762a0933c,43886790-ae58-4382-81d4-f9bb39cdbc06,Zamfara,North West,43.70,2025-12-21 14:29:39.824545
e272b167-04a8-459e-8b64-1a5e1724cdbe,43886790-ae58-4382-81d4-f9bb39cdbc06,Abia,South East,24.10,2025-12-21 14:29:39.824545
19d6c49b-05df-404c-8183-a61a0e4f7a45,43886790-ae58-4382-81d4-f9bb39cdbc06,Anambra,South East,18.50,2025-12-21 14:29:39.824545
285bb93d-a116-4ba9-8ee4-c5186713d910,43886790-ae58-4382-81d4-f9bb39cdbc06,Ebonyi,South East,52.30,2025-12-21 14:29:39.824545
218375bd-3d27-4c97-834d-f129f3de57cd,43886790-ae58-4382-81d4-f9bb39cdbc06,Enugu,South East,17.60,2025-12-21 14:29:39.824545
6efa31ad-a26f-4eee-b4f1-fa6ade56c076,43886790-ae58-4382-81d4-f9bb39cdbc06,Imo,South East,22.80,2025-12-21 14:29:39.824545
32027916-d8c5-4e9f-bcf9-581d73654a85,43886790-ae58-4382-81d4-f9bb39cdbc06,Akwa Ibom,South South,28.10,2025-12-21 14:29:39.824545
0f864ce5-3bb0-4805-8b7a-318f48665a13,d61cac76-1972-4c8c-92f1-a9243464afab,Sokoto,North West,20.50,2025-12-21 13:40:11.927531
db5ceda3-2896-4deb-b43a-73abfb14317e,d61cac76-1972-4c8c-92f1-a9243464afab,Zamfara,North West,29.10,2025-12-21 13:40:11.929443
7eb2e3a3-5b9e-4b15-ad26-9f25512117b9,d61cac76-1972-4c8c-92f1-a9243464afab,Katsina,North West,45.30,2025-12-21 13:40:11.931243
4d81ba4e-a3bd-469c-9b28-b36f93960189,d61cac76-1972-4c8c-92f1-a9243464afab,Jigawa,North West,37.20,2025-12-21 13:40:11.933049
b6288620-0888-44b3-a2de-d01e15b39efb,d61cac76-1972-4c8c-92f1-a9243464afab,Yobe,North East,41.30,2025-12-21 13:40:11.935601
c6348638-ee9e-48ad-b123-8afa949b84a3,d61cac76-1972-4c8c-92f1-a9243464afab,Borno,North East,66.50,2025-12-21 13:40:11.938553
e7a5cef0-f59b-45e2-821c-b059fe42a373,d61cac76-1972-4c8c-92f1-a9243464afab,Adamawa,North East,27.00,2025-12-21 13:40:11.94094
8ca392d8-a5b3-41d0-80d7-1735ee91346c,d61cac76-1972-4c8c-92f1-a9243464afab,Gombe,North East,27.40,2025-12-21 13:40:11.943023
87624d31-f634-4510-9fad-44eebe8e74f5,d61cac76-1972-4c8c-92f1-a9243464afab,Bauchi,North East,35.80,2025-12-21 13:40:11.945277
fca2c337-6bae-4505-a42c-b4ee0d64626f,d61cac76-1972-4c8c-92f1-a9243464afab,Kano,North West,19.80,2025-12-21 13:40:11.947344
676835a9-43c7-410f-818f-322508e48f5d,d61cac76-1972-4c8c-92f1-a9243464afab,Kaduna,North West,6.90,2025-12-21 13:40:11.951456
67b1ad4c-c8e2-425d-945a-e2f8256511b7,d61cac76-1972-4c8c-92f1-a9243464afab,Kebbi,North West,41.70,2025-12-21 13:40:11.954395
0646ad1d-b76a-42d2-aad0-c8d3de93fd39,d61cac76-1972-4c8c-92f1-a9243464afab,Niger,North Central,20.90,2025-12-21 13:40:11.956745
69dcd036-efbb-426e-88e2-4fcac2878744,d61cac76-1972-4c8c-92f1-a9243464afab,Nasarawa,North Central,16.10,2025-12-21 13:40:11.960085
692d9d24-2b3d-4b41-9325-6ac65a6e5795,d61cac76-1972-4c8c-92f1-a9243464afab,Plateau,North Central,16.60,2025-12-21 13:40:11.962133
5bdc62d9-b878-41d2-b385-685d36b8c970,d61cac76-1972-4c8c-92f1-a9243464afab,Taraba,North East,23.10,2025-12-21 13:40:11.96409
d4b14a50-fb62-42e8-a8c1-d32f65bffc6d,d61cac76-1972-4c8c-92f1-a9243464afab,Benue,North Central,10.90,2025-12-21 13:40:11.966405
5bde07b4-2550-493d-92c0-bbeba3971c33,d61cac76-1972-4c8c-92f1-a9243464afab,Kogi,North Central,2.10,2025-12-21 13:40:11.969245
6c59ce61-f056-4584-b4da-3e625fb3b9ce,d61cac76-1972-4c8c-92f1-a9243464afab,Kwara,North Central,7.10,2025-12-21 13:40:11.971844
6345c3b8-2988-4af1-bf97-abfd9e75e758,d61cac76-1972-4c8c-92f1-a9243464afab,Oyo,South West,8.20,2025-12-21 13:40:11.973909
e937ce60-f781-497d-91f6-c0bece78e4da,d61cac76-1972-4c8c-92f1-a9243464afab,Osun,South West,1.00,2025-12-21 13:40:11.976089
7b249ba1-0c16-4f14-a8c8-6c4c416910bd,d61cac76-1972-4c8c-92f1-a9243464afab,Ekiti,South West,0.60,2025-12-21 13:40:11.978262
8c9110ea-bffc-4e44-949c-b5125bfb5bbf,d61cac76-1972-4c8c-92f1-a9243464afab,Ondo,South West,0.40,2025-12-21 13:40:11.980681
5067762a-3149-4098-a605-e851b97e13ba,d61cac76-1972-4c8c-92f1-a9243464afab,Edo,South South,3.10,2025-12-21 13:40:11.983361
4456bfed-890a-4d8c-8b8a-bfe79259138f,d61cac76-1972-4c8c-92f1-a9243464afab,Anambra,South East,0.00,2025-12-21 13:40:11.985819
ce13f0b1-adee-4f30-958c-7b88c1b5c317,d61cac76-1972-4c8c-92f1-a9243464afab,Enugu,South East,0.80,2025-12-21 13:40:11.988235
24d9e4a2-7e0c-4227-a533-9290b13fdff2,d61cac76-1972-4c8c-92f1-a9243464afab,Ebonyi,South East,7.40,2025-12-21 13:40:11.990115
4a1c4269-a80c-4d6b-98be-9c08da683ca8,d61cac76-1972-4c8c-92f1-a9243464afab,Cross River,South South,2.30,2025-12-21 13:40:11.99223
4561acde-18ef-4ca7-8d3c-0f4717c2e3d5,d61cac76-1972-4c8c-92f1-a9243464afab,Akwa Ibom,South South,4.10,2025-12-21 13:40:11.994232
910ab4c9-e64a-4739-8b0c-b1eafaf563c7,d61cac76-1972-4c8c-92f1-a9243464afab,Abia,South East,0.00,2025-12-21 13:40:11.996196
bf1557ed-e73b-45a8-8f78-334eb2687ba2,d61cac76-1972-4c8c-92f1-a9243464afab,Imo,South East,1.00,2025-12-21 13:40:11.998156
ed99d73d-1820-4597-9db5-653508d46514,d61cac76-1972-4c8c-92f1-a9243464afab,Rivers,South South,1.70,2025-12-21 13:40:12.000558
1bf69862-be6e-44e0-bf7b-d715c594d53c,d61cac76-1972-4c8c-92f1-a9243464afab,Bayelsa,South South,1.10,2025-12-21 13:40:12.002576
573df547-acc9-43f1-bf39-8e02ee00599a,d61cac76-1972-4c8c-92f1-a9243464afab,Delta,South South,1.30,2025-12-21 13:40:12.004802
1d0a3a34-4195-4a88-b327-813780727b3c,d61cac76-1972-4c8c-92f1-a9243464afab,Lagos,South West,0.00,2025-12-21 13:40:12.007111
2aa37590-0edc-4ab9-b444-2534a86a2893,d61cac76-1972-4c8c-92f1-a9243464afab,Ogun,South West,4.60,2025-12-21 13:40:12.009235
044507e7-0cef-47d9-b0f2-283199cda10d,43886790-ae58-4382-81d4-f9bb39cdbc06,Bayelsa,South South,21.40,2025-12-21 14:29:39.824545
85187364-ed60-4f34-b3d4-0f8cda731591,43886790-ae58-4382-81d4-f9bb39cdbc06,Cross River,South South,41.80,2025-12-21 14:29:39.824545
4775d440-51cc-4ff4-b565-0009ea068c29,43886790-ae58-4382-81d4-f9bb39cdbc06,Delta,South South,43.00,2025-12-21 14:29:39.824545
a2df271f-fe1b-4054-a3fe-9d2bcb3295b2,43886790-ae58-4382-81d4-f9bb39cdbc06,Edo,South South,23.20,2025-12-21 14:29:39.824545
65689dd5-0e28-47cc-a611-d68f98c3b91b,43886790-ae58-4382-81d4-f9bb39cdbc06,Rivers,South South,16.90,2025-12-21 14:29:39.824545
3d719d6b-d8e2-4b43-a6f8-e61343f7cfd5,43886790-ae58-4382-81d4-f9bb39cdbc06,Ekiti,South West,19.40,2025-12-21 14:29:39.824545
fcda8ce8-dd87-42f5-8a5c-92beffc2a897,43886790-ae58-4382-81d4-f9bb39cdbc06,Lagos,South West,22.10,2025-12-21 14:29:39.824545
d8eb51ca-1711-4f1f-92dc-a32392e5cdad,43886790-ae58-4382-81d4-f9bb39cdbc06,Ogun,South West,33.70,2025-12-21 14:29:39.824545
4012ae4d-8abf-45f7-8f20-001a41d2fbae,43886790-ae58-4382-81d4-f9bb39cdbc06,Ondo,South West,24.20,2025-12-21 14:29:39.824545
90d9fa92-dd72-4632-8668-b1152fffef95,43886790-ae58-4382-81d4-f9bb39cdbc06,Osun,South West,61.80,2025-12-21 14:29:39.824545
092ad3d7-7f82-4020-ad99-760e6850caab,43886790-ae58-4382-81d4-f9bb39cdbc06,Oyo,South West,44.40,2025-12-21 14:29:39.824545
41d68de1-048a-49c1-82fd-de82e5b80891,9259a34d-6c95-4a00-914a-bf7e81124f9a,Niger,North Central,3.70,2025-12-21 13:40:12.021459
cd81e72b-2a95-4c08-b0fc-736ed5976b0f,045d35bb-0f45-419d-9ad3-713b4636c980,FCT-Abuja,North Central,17.70,2025-12-21 13:40:12.140028
334346b3-6143-4705-a376-883f5ad6790e,045d35bb-0f45-419d-9ad3-713b4636c980,Benue,North Central,13.40,2025-12-21 13:40:12.142102
46ede81f-e979-4bc0-85c4-a217dcf93cc3,045d35bb-0f45-419d-9ad3-713b4636c980,Kogi,North Central,15.40,2025-12-21 13:40:12.144118
1f0edae4-a65e-448d-ab0f-ce7d1c08409b,045d35bb-0f45-419d-9ad3-713b4636c980,Kwara,North Central,16.20,2025-12-21 13:40:12.146012
c51a506c-3f81-4434-adbb-5a837c06c035,045d35bb-0f45-419d-9ad3-713b4636c980,Nasarawa,North Central,44.90,2025-12-21 13:40:12.147794
0725c280-7ef3-4b88-8c3f-ae3c7d0a540f,045d35bb-0f45-419d-9ad3-713b4636c980,Niger,North Central,59.20,2025-12-21 13:40:12.149887
0c51c377-c5ba-4c92-be94-db6f3bf477f5,045d35bb-0f45-419d-9ad3-713b4636c980,Plateau,North Central,39.10,2025-12-21 13:40:12.152729
c5dff4a2-71dd-439e-831a-80eb1102211f,045d35bb-0f45-419d-9ad3-713b4636c980,Adamawa,North East,39.70,2025-12-21 13:40:12.154989
8ebd688a-433f-42e5-bc92-ad0e52a3761f,045d35bb-0f45-419d-9ad3-713b4636c980,Bauchi,North East,65.00,2025-12-21 13:40:12.157832
1a92da70-48d2-4d61-a9e7-b13f8ac41ce4,045d35bb-0f45-419d-9ad3-713b4636c980,Borno,North East,67.50,2025-12-21 13:40:12.160198
a540ef29-0ca4-4262-aea5-05f6022a731b,045d35bb-0f45-419d-9ad3-713b4636c980,Gombe,North East,51.20,2025-12-21 13:40:12.162322
d9b4a754-db04-4e8a-8fbb-3a0e0eb41b3b,045d35bb-0f45-419d-9ad3-713b4636c980,Taraba,North East,38.80,2025-12-21 13:40:12.164871
06dcaf1e-03f0-4801-8462-cc0b778c25d0,045d35bb-0f45-419d-9ad3-713b4636c980,Yobe,North East,67.20,2025-12-21 13:40:12.167518
8f58f016-fe72-43d4-91a8-89cec17bf5a3,045d35bb-0f45-419d-9ad3-713b4636c980,Jigawa,North West,56.00,2025-12-21 13:40:12.170371
8d26c7d8-3b37-417b-ab5a-b733082187c5,045d35bb-0f45-419d-9ad3-713b4636c980,Kaduna,North West,21.40,2025-12-21 13:40:12.173143
a687be95-9e3a-45c4-9523-2c97145df2da,045d35bb-0f45-419d-9ad3-713b4636c980,Kano,North West,49.10,2025-12-21 13:40:12.175571
8c8f57fe-1014-44e4-a34f-09bd4fa90237,045d35bb-0f45-419d-9ad3-713b4636c980,Katsina,North West,57.90,2025-12-21 13:40:12.178325
016807cb-1a83-4338-bf27-6e47deed617b,045d35bb-0f45-419d-9ad3-713b4636c980,Kebbi,North West,79.30,2025-12-21 13:40:12.180773
3dec09a1-2c66-480a-b122-7d69b58bad2f,045d35bb-0f45-419d-9ad3-713b4636c980,Sokoto,North West,73.80,2025-12-21 13:40:12.183171
5ff7b711-445b-4b67-9fa6-d9827906409f,045d35bb-0f45-419d-9ad3-713b4636c980,Zamfara,North West,71.20,2025-12-21 13:40:12.186045
01d0bbeb-2acf-4fc9-8d33-683a8afef04d,045d35bb-0f45-419d-9ad3-713b4636c980,Abia,South East,4.70,2025-12-21 13:40:12.188493
7cb8e6ac-ea62-4490-8759-62750f4bc870,045d35bb-0f45-419d-9ad3-713b4636c980,Anambra,South East,1.40,2025-12-21 13:40:12.190419
c7ef461e-d953-4de9-bcc7-aa8ec38e7c24,045d35bb-0f45-419d-9ad3-713b4636c980,Ebonyi,South East,3.00,2025-12-21 13:40:12.192773
10de3fd9-1c7c-4a30-9876-d8b9166a5e91,045d35bb-0f45-419d-9ad3-713b4636c980,Enugu,South East,4.20,2025-12-21 13:40:12.195458
73682abd-e129-4b25-9a24-680a4b55f879,045d35bb-0f45-419d-9ad3-713b4636c980,Imo,South East,1.00,2025-12-21 13:40:12.197688
f54332cc-7f70-4e0d-8459-ef7d61d17c23,045d35bb-0f45-419d-9ad3-713b4636c980,Akwa Ibom,South South,6.40,2025-12-21 13:40:12.19985
a8d1378b-3580-4339-a7af-3d54810e082b,045d35bb-0f45-419d-9ad3-713b4636c980,Bayelsa,South South,8.40,2025-12-21 13:40:12.202192
082e9b96-1b2c-4e06-9ae6-909c8f9fce6c,045d35bb-0f45-419d-9ad3-713b4636c980,Cross River,South South,6.40,2025-12-21 13:40:12.204662
2bf02a3e-e757-4f03-8e23-4638eb932e28,045d35bb-0f45-419d-9ad3-713b4636c980,Delta,South South,11.80,2025-12-21 13:40:12.206896
66b7f278-e078-4c38-bcda-7453a85c409d,045d35bb-0f45-419d-9ad3-713b4636c980,Edo,South South,6.50,2025-12-21 13:40:12.208807
bfc339fe-19ac-42f0-9864-1c1173d7123a,045d35bb-0f45-419d-9ad3-713b4636c980,Rivers,South South,2.40,2025-12-21 13:40:12.210623
e5fd7ec3-bf21-4497-acbd-b189d1b7eebb,045d35bb-0f45-419d-9ad3-713b4636c980,Ekiti,South West,3.70,2025-12-21 13:40:12.212589
203476dc-6960-4186-ac81-3774e49ccce6,045d35bb-0f45-419d-9ad3-713b4636c980,Lagos,South West,3.10,2025-12-21 13:40:12.214416
dd65ae23-936b-4b92-9084-9c76d151ea8c,045d35bb-0f45-419d-9ad3-713b4636c980,Ogun,South West,13.40,2025-12-21 13:40:12.216879
d6b0d09a-60b4-48f5-a854-93346e3f4596,045d35bb-0f45-419d-9ad3-713b4636c980,Ondo,South West,6.80,2025-12-21 13:40:12.219528
03a7eab4-e27e-4ef3-922c-62c96ce23da9,045d35bb-0f45-419d-9ad3-713b4636c980,Osun,South West,4.00,2025-12-21 13:40:12.221997
d2e0f1f6-ab50-415a-aa69-ffb53578a735,045d35bb-0f45-419d-9ad3-713b4636c980,Oyo,South West,14.70,2025-12-21 13:40:12.224283
5e0c66cd-e7ab-44dd-9ff7-fad1b4426c63,fa7b3543-b32f-4db8-8c3b-ec06367cd89f,FCT-Abuja,North Central,57.70,2025-12-21 13:40:12.247383
b236b362-bf92-40a6-a946-8d52d308dd95,fa7b3543-b32f-4db8-8c3b-ec06367cd89f,Benue,North Central,1.60,2025-12-21 13:40:12.251532
007948b2-fa8f-4911-a36f-e3acb4feb415,fa7b3543-b32f-4db8-8c3b-ec06367cd89f,Kogi,North Central,9.70,2025-12-21 13:40:12.25508
57492fc9-22ae-455f-9b84-4293aa5a7021,fa7b3543-b32f-4db8-8c3b-ec06367cd89f,Kwara,North Central,9.10,2025-12-21 13:40:12.257841
15a5db75-8493-4b96-a93e-c65fe6d76259,fa7b3543-b32f-4db8-8c3b-ec06367cd89f,Nasarawa,North Central,18.00,2025-12-21 13:40:12.260099
9648aca1-0dcc-47f8-a003-e9a25a091743,fa7b3543-b32f-4db8-8c3b-ec06367cd89f,Niger,North Central,22.90,2025-12-21 13:40:12.262187
b6b90c28-1595-42a7-9951-fb4279b0b322,fa7b3543-b32f-4db8-8c3b-ec06367cd89f,Plateau,North Central,14.80,2025-12-21 13:40:12.264099
311e77ee-7011-4f81-8c35-807710dae717,fa7b3543-b32f-4db8-8c3b-ec06367cd89f,Adamawa,North East,28.20,2025-12-21 13:40:12.26611
45651a36-5a4b-4e56-aff2-549c4c3f7a7a,fa7b3543-b32f-4db8-8c3b-ec06367cd89f,Bauchi,North East,54.10,2025-12-21 13:40:12.268713
46fb862c-eb60-48c7-9a5b-c3d87d95125e,fa7b3543-b32f-4db8-8c3b-ec06367cd89f,Borno,North East,55.80,2025-12-21 13:40:12.271251
2545781c-3a8d-4eff-a06c-75bddcee644f,fa7b3543-b32f-4db8-8c3b-ec06367cd89f,Gombe,North East,25.80,2025-12-21 13:40:12.273154
9695357a-e69a-4ecc-938d-258cc1ada11e,fa7b3543-b32f-4db8-8c3b-ec06367cd89f,Taraba,North East,11.80,2025-12-21 13:40:12.27514
96b423fc-247f-4053-af7b-c72237abbb78,fa7b3543-b32f-4db8-8c3b-ec06367cd89f,Yobe,North East,55.40,2025-12-21 13:40:12.27714
a70559de-2dc5-4b7f-8d49-055ca02e6267,fa7b3543-b32f-4db8-8c3b-ec06367cd89f,Jigawa,North West,63.20,2025-12-21 13:40:12.279405
23f826c1-0ee9-49d3-8ebd-e4cc199e2f87,fa7b3543-b32f-4db8-8c3b-ec06367cd89f,Kaduna,North West,68.70,2025-12-21 13:40:12.281177
9450b895-bd96-48e6-b087-4ee0c83025a9,fa7b3543-b32f-4db8-8c3b-ec06367cd89f,Kano,North West,82.80,2025-12-21 13:40:12.283437
27459ad2-d3f7-4cfe-b18c-abe59e4db7fe,fa7b3543-b32f-4db8-8c3b-ec06367cd89f,Katsina,North West,48.40,2025-12-21 13:40:12.285937
c9fd0445-20cb-4a7b-9c41-e4a795899280,fa7b3543-b32f-4db8-8c3b-ec06367cd89f,Kebbi,North West,59.60,2025-12-21 13:40:12.288204
318a15ef-434f-4df5-b158-5863f5778353,fa7b3543-b32f-4db8-8c3b-ec06367cd89f,Sokoto,North West,97.30,2025-12-21 13:40:12.290408
c5526776-1cab-4c84-a306-f9603d9a7390,fa7b3543-b32f-4db8-8c3b-ec06367cd89f,Zamfara,North West,64.60,2025-12-21 13:40:12.292739
dbceda2d-36c0-4813-8994-290e5f703355,fa7b3543-b32f-4db8-8c3b-ec06367cd89f,Delta,South South,5.10,2025-12-21 13:40:12.294559
c76a67b1-0db7-4400-b2c2-4a506c776fb6,fa7b3543-b32f-4db8-8c3b-ec06367cd89f,Edo,South South,0.00,2025-12-21 13:40:12.296994
eb282596-0729-4ba8-8a4d-771acecb15d7,fa7b3543-b32f-4db8-8c3b-ec06367cd89f,Ogun,South West,2.80,2025-12-21 13:40:12.299264
9cc02735-1367-47a9-995b-4db6b0455724,fa7b3543-b32f-4db8-8c3b-ec06367cd89f,Oyo,South West,1.60,2025-12-21 13:40:12.301539
7f4678c5-10f9-4f8c-81d7-4b45630449a4,38ec91ae-b85a-4232-be9e-f4be84c4032f,Niger,North Central,2021.00,2025-12-21 13:40:12.420459
46192792-874b-4ff2-9eb6-8594680dc62f,9f3575c2-3a14-4724-b50a-466ca55f5a55,Abia,South East,2012.00,2025-12-21 13:40:12.451246
9f9d4b7c-6f16-4454-bada-4c343e631193,9f3575c2-3a14-4724-b50a-466ca55f5a55,Adamawa,North East,2017.00,2025-12-21 13:40:12.453315
8872926f-3cd4-42e7-b28f-aeecc3533148,9f3575c2-3a14-4724-b50a-466ca55f5a55,Akwa Ibom,South South,2014.00,2025-12-21 13:40:12.45566
ab2082c5-11a2-480c-b3e6-13f902f7137d,9f3575c2-3a14-4724-b50a-466ca55f5a55,Anambra,South East,2014.00,2025-12-21 13:40:12.457551
2568c4b5-2c35-492c-bf95-b34a595691ec,9f3575c2-3a14-4724-b50a-466ca55f5a55,Bauchi,North East,2014.00,2025-12-21 13:40:12.459409
552db338-56e5-458d-b40a-273b98071312,9f3575c2-3a14-4724-b50a-466ca55f5a55,Bayelsa,South South,2011.00,2025-12-21 13:40:12.461302
47f15e5a-592c-4c19-b1f5-11f5fe99b889,9f3575c2-3a14-4724-b50a-466ca55f5a55,Benue,North Central,2016.00,2025-12-21 13:40:12.463299
8198b209-10e8-4ee0-9d5b-5110038167f8,9f3575c2-3a14-4724-b50a-466ca55f5a55,Borno,North East,2011.00,2025-12-21 13:40:12.465104
d992e830-255a-4f6d-bcab-e6f519d25b26,9f3575c2-3a14-4724-b50a-466ca55f5a55,Cross River,South South,2015.00,2025-12-21 13:40:12.467559
0a2e0338-f7fc-413c-ae1a-3842bb069ab7,9f3575c2-3a14-4724-b50a-466ca55f5a55,Delta,South South,2013.00,2025-12-21 13:40:12.470117
52fae09a-5099-43ee-84e3-0ae1560d8523,9f3575c2-3a14-4724-b50a-466ca55f5a55,Ebonyi,South East,2015.00,2025-12-21 13:40:12.472364
fd7a4232-970a-41b5-bbec-d4dc5eafbd7a,9f3575c2-3a14-4724-b50a-466ca55f5a55,Edo,South South,2012.00,2025-12-21 13:40:12.47466
674cbba4-16a7-44ba-b65b-aeafd1a9f74e,9f3575c2-3a14-4724-b50a-466ca55f5a55,Ekiti,South West,2009.00,2025-12-21 13:40:12.477045
2aa3d149-e257-47ae-8352-092cf9695aac,9f3575c2-3a14-4724-b50a-466ca55f5a55,Enugu,South East,2011.00,2025-12-21 13:40:12.478966
d5e6de42-950c-4661-9b35-c49e99556ca0,9f3575c2-3a14-4724-b50a-466ca55f5a55,Gombe,North East,2018.00,2025-12-21 13:40:12.482021
9fd8c55b-ecbe-42c3-8139-27a0bae6e58f,9f3575c2-3a14-4724-b50a-466ca55f5a55,Imo,South East,2012.00,2025-12-21 13:40:12.484397
9adac3d4-09a9-47b7-b242-03658a474ddc,9f3575c2-3a14-4724-b50a-466ca55f5a55,Jigawa,North West,2018.00,2025-12-21 13:40:12.486573
f8c0340a-e349-4902-8174-9c1008d56582,9f3575c2-3a14-4724-b50a-466ca55f5a55,Kaduna,North West,2015.00,2025-12-21 13:40:12.488588
bb0755d2-9001-4b87-adb2-05ddbb0d3799,9f3575c2-3a14-4724-b50a-466ca55f5a55,Rivers,South South,6.00,2025-12-21 13:40:12.490873
7e756e14-ca1e-42a0-b140-b92381ebb9d3,715fe054-75e0-4d3e-9c61-83520f903c4a,Niger,North Central,22.70,2025-12-21 13:40:12.858198
2bd02991-7d57-4fac-be70-f18bd746253f,973c8367-02ed-4b9b-9a84-7534e9f9ee72,FCT-Abuja,North Central,17.70,2025-12-21 13:40:13.254128
5b0999e2-6e46-4e21-8148-7cd1b447c0b4,973c8367-02ed-4b9b-9a84-7534e9f9ee72,Benue,North Central,12.80,2025-12-21 13:40:13.256568
aa2ee493-15aa-4102-9df3-8c5c534b4478,973c8367-02ed-4b9b-9a84-7534e9f9ee72,Kogi,North Central,25.10,2025-12-21 13:40:13.259086
80327cff-3aa7-4a9e-8e6e-28e0ce8ee2ed,973c8367-02ed-4b9b-9a84-7534e9f9ee72,Kwara,North Central,30.90,2025-12-21 13:40:13.261094
911ac8f2-31fc-47a8-b99d-b93b48ba0f34,973c8367-02ed-4b9b-9a84-7534e9f9ee72,Nasarawa,North Central,27.80,2025-12-21 13:40:13.263445
38d75666-9a1c-405a-b6b9-3b0d8e542593,973c8367-02ed-4b9b-9a84-7534e9f9ee72,Niger,North Central,25.10,2025-12-21 13:40:13.265826
0b975e0c-2cfa-4d10-9c8f-ecaa4b25e025,973c8367-02ed-4b9b-9a84-7534e9f9ee72,Plateau,North Central,16.00,2025-12-21 13:40:13.268056
aa13fadb-70ac-4245-9fc2-a1794bd4a9ad,973c8367-02ed-4b9b-9a84-7534e9f9ee72,Adamawa,North East,14.90,2025-12-21 13:40:13.270549
c7a1e271-7eb2-4eeb-a0ad-d9619954f799,973c8367-02ed-4b9b-9a84-7534e9f9ee72,Bauchi,North East,15.10,2025-12-21 13:40:13.272939
a06d6deb-5356-4872-82c1-a9b207b67c23,973c8367-02ed-4b9b-9a84-7534e9f9ee72,Borno,North East,6.10,2025-12-21 13:40:13.275401
5f3c7023-786e-4ef4-8249-4e80d79e047d,973c8367-02ed-4b9b-9a84-7534e9f9ee72,Gombe,North East,20.60,2025-12-21 13:40:13.277651
10f6e932-f0cb-4f84-b00b-58f4304e8a59,973c8367-02ed-4b9b-9a84-7534e9f9ee72,Taraba,North East,24.50,2025-12-21 13:40:13.279705
1f0a59fc-c89b-4f41-8bc8-8f1420689596,973c8367-02ed-4b9b-9a84-7534e9f9ee72,Yobe,North East,22.20,2025-12-21 13:40:13.281404
4c7d7dd5-31c8-449a-9e88-263ad6ae4e03,973c8367-02ed-4b9b-9a84-7534e9f9ee72,Jigawa,North West,11.70,2025-12-21 13:40:13.283157
57fc4352-4dd9-4306-8097-246c2b352f05,973c8367-02ed-4b9b-9a84-7534e9f9ee72,Kaduna,North West,22.20,2025-12-21 13:40:13.285447
48068927-5cf3-492a-98d7-a3b9b04e1227,973c8367-02ed-4b9b-9a84-7534e9f9ee72,Kano,North West,9.20,2025-12-21 13:40:13.287699
3704f032-c84d-4d9a-b653-3a2b1ea8d9f3,973c8367-02ed-4b9b-9a84-7534e9f9ee72,Katsina,North West,10.20,2025-12-21 13:40:13.289953
ab4f687b-54bf-4d38-a2f9-18e53eccde59,973c8367-02ed-4b9b-9a84-7534e9f9ee72,Kebbi,North West,25.20,2025-12-21 13:40:13.29206
7e4b9743-886e-45c2-8e3b-6211649cee45,973c8367-02ed-4b9b-9a84-7534e9f9ee72,Sokoto,North West,35.20,2025-12-21 13:40:13.293886
1677bebb-6ef7-4f1b-b736-5a3cfcb7ee49,973c8367-02ed-4b9b-9a84-7534e9f9ee72,Zamfara,North West,8.40,2025-12-21 13:40:13.295438
f08abeae-b8fa-46e8-8034-c080439c7a6a,973c8367-02ed-4b9b-9a84-7534e9f9ee72,Abia,South East,47.40,2025-12-21 13:40:13.297457
158450c4-c387-4584-b06f-54f9daa45fed,973c8367-02ed-4b9b-9a84-7534e9f9ee72,Anambra,South East,35.80,2025-12-21 13:40:13.29934
f434b6c8-5d64-4250-a9f1-a2ab1fe4be5d,973c8367-02ed-4b9b-9a84-7534e9f9ee72,Ebonyi,South East,34.00,2025-12-21 13:40:13.301593
d33d9f1b-aac3-4dd8-8684-5fdb3e3deba3,973c8367-02ed-4b9b-9a84-7534e9f9ee72,Enugu,South East,46.60,2025-12-21 13:40:13.303592
15dd0276-8b78-4283-9d77-5a35111c5196,973c8367-02ed-4b9b-9a84-7534e9f9ee72,Imo,South East,73.50,2025-12-21 13:40:13.305297
37414f38-04a4-4299-becf-5730fed3e171,973c8367-02ed-4b9b-9a84-7534e9f9ee72,Akwa Ibom,South South,46.70,2025-12-21 13:40:13.307539
3bcfa04f-9aa0-498a-8798-fc79971cdc48,973c8367-02ed-4b9b-9a84-7534e9f9ee72,Bayelsa,South South,29.20,2025-12-21 13:40:13.309107
0767fa24-99d2-4d86-bf7a-2ce443da0500,973c8367-02ed-4b9b-9a84-7534e9f9ee72,Cross River,South South,32.60,2025-12-21 13:40:13.311369
e7a83fd9-6ce2-4a90-9bd5-a48735b223b1,973c8367-02ed-4b9b-9a84-7534e9f9ee72,Delta,South South,46.20,2025-12-21 13:40:13.313348
e9d171b4-e4f9-48e1-950d-ea17ae41d624,973c8367-02ed-4b9b-9a84-7534e9f9ee72,Edo,South South,52.30,2025-12-21 13:40:13.315569
2a51bf7a-57db-43dd-8cfd-696b0def8757,973c8367-02ed-4b9b-9a84-7534e9f9ee72,Rivers,South South,46.00,2025-12-21 13:40:13.31804
e75b2cf4-07a6-42cc-a463-4a88440422e9,a7845fbf-ad12-41bf-8348-5f94f0e5b750,FCT-Abuja,North Central,6.40,2025-12-21 13:40:13.459575
8f81550d-4b62-4d59-b5d2-7e0ae1115ec9,a7845fbf-ad12-41bf-8348-5f94f0e5b750,Benue,North Central,19.10,2025-12-21 13:40:13.461787
f31bf0bf-58fa-44e8-82c2-dfbeafae26ef,a7845fbf-ad12-41bf-8348-5f94f0e5b750,Kogi,North Central,15.90,2025-12-21 13:40:13.464135
dc973e56-7ebc-496d-94ca-0dff548f37db,a7845fbf-ad12-41bf-8348-5f94f0e5b750,Kwara,North Central,16.10,2025-12-21 13:40:13.466443
57aab92a-372c-4049-a72f-d9481a63d11e,a7845fbf-ad12-41bf-8348-5f94f0e5b750,Nasarawa,North Central,24.20,2025-12-21 13:40:13.468652
433902e6-2cbf-4bd5-a096-d4066c0e675d,a7845fbf-ad12-41bf-8348-5f94f0e5b750,Niger,North Central,34.80,2025-12-21 13:40:13.471006
89f8494b-fef1-4935-b790-13b8d68a01d3,a7845fbf-ad12-41bf-8348-5f94f0e5b750,Plateau,North Central,28.60,2025-12-21 13:40:13.473199
b7a72755-c8d4-4b68-b82a-1423a1783282,a7845fbf-ad12-41bf-8348-5f94f0e5b750,Adamawa,North East,16.10,2025-12-21 13:40:13.474929
82c9de64-dac4-400f-b7d9-2d33087405dc,a7845fbf-ad12-41bf-8348-5f94f0e5b750,Bauchi,North East,31.20,2025-12-21 13:40:13.476908
a50bb4ee-02bd-4f5e-9ab8-93800b96fae7,a7845fbf-ad12-41bf-8348-5f94f0e5b750,Borno,North East,6.70,2025-12-21 13:40:13.47892
6131c4c3-3cdb-4bf6-b1e2-23881757c3f5,a7845fbf-ad12-41bf-8348-5f94f0e5b750,Gombe,North East,19.90,2025-12-21 13:40:13.481032
01ba0ddd-3491-4943-a8c4-899a85a146ae,a7845fbf-ad12-41bf-8348-5f94f0e5b750,Taraba,North East,23.60,2025-12-21 13:40:13.483113
f6c1a1ca-cd3a-4ca3-8ad2-bbb8b12f4d9e,a7845fbf-ad12-41bf-8348-5f94f0e5b750,Yobe,North East,25.40,2025-12-21 13:40:13.48571
fa21287c-eb23-4ac0-bb50-4298aabe0da3,a7845fbf-ad12-41bf-8348-5f94f0e5b750,Jigawa,North West,20.40,2025-12-21 13:40:13.488336
a6f01ba8-cd8c-47ef-9e9e-37fa3398a62a,a7845fbf-ad12-41bf-8348-5f94f0e5b750,Kaduna,North West,13.00,2025-12-21 13:40:13.490646
15d97c8a-44a8-47ba-a59b-0f95875da6cf,a7845fbf-ad12-41bf-8348-5f94f0e5b750,Kano,North West,17.10,2025-12-21 13:40:13.493081
c6263753-0135-4f45-b23b-3c0eae42ec33,a7845fbf-ad12-41bf-8348-5f94f0e5b750,Katsina,North West,54.30,2025-12-21 13:40:13.495149
8217cb3e-246d-496b-be0f-0562aa28df4b,a7845fbf-ad12-41bf-8348-5f94f0e5b750,Kebbi,North West,47.20,2025-12-21 13:40:13.497189
bd947d65-1a2a-4f3c-8125-b10b37a13ac6,a7845fbf-ad12-41bf-8348-5f94f0e5b750,Sokoto,North West,36.20,2025-12-21 13:40:13.499123
e7930e8f-919f-4039-8e05-9dae1fd4bc85,a7845fbf-ad12-41bf-8348-5f94f0e5b750,Zamfara,North West,54.80,2025-12-21 13:40:13.50115
1f5089f5-ce02-4361-ba84-691882245081,a7845fbf-ad12-41bf-8348-5f94f0e5b750,Abia,South East,5.90,2025-12-21 13:40:13.503445
f60d31a2-1f29-4d61-8a91-35c83b801253,a7845fbf-ad12-41bf-8348-5f94f0e5b750,Anambra,South East,1.50,2025-12-21 13:40:13.505205
5897d9c6-b2a0-46a9-b452-bd126aa77dc5,a7845fbf-ad12-41bf-8348-5f94f0e5b750,Ebonyi,South East,1.80,2025-12-21 13:40:13.506995
c03c33ee-05c5-4e92-b831-93731e0d1c3b,a7845fbf-ad12-41bf-8348-5f94f0e5b750,Enugu,South East,0.70,2025-12-21 13:40:13.509072
da743d64-bb0b-4480-b3d4-111b3b5f7251,a7845fbf-ad12-41bf-8348-5f94f0e5b750,Imo,South East,4.80,2025-12-21 13:40:13.511298
b1c7c697-ca1f-4996-ab50-0b50bc53330d,a7845fbf-ad12-41bf-8348-5f94f0e5b750,Akwa Ibom,South South,24.20,2025-12-21 13:40:13.513601
f7ebbe92-65fe-406e-8e7d-e2e1f8b89c50,a7845fbf-ad12-41bf-8348-5f94f0e5b750,Bayelsa,South South,46.60,2025-12-21 13:40:13.515239
8c38bd29-279a-487d-9233-eb5b9f8bea00,a7845fbf-ad12-41bf-8348-5f94f0e5b750,Cross River,South South,13.20,2025-12-21 13:40:13.517334
83a901fe-7fe7-4b22-a8b7-c40ee6314836,a7845fbf-ad12-41bf-8348-5f94f0e5b750,Delta,South South,13.00,2025-12-21 13:40:13.519673
92a02618-5c3f-47ba-b8e7-16623545ba78,a7845fbf-ad12-41bf-8348-5f94f0e5b750,Edo,South South,10.70,2025-12-21 13:40:13.521995
e1b53355-3a72-4592-8a90-d819fd963230,a7845fbf-ad12-41bf-8348-5f94f0e5b750,Rivers,South South,10.80,2025-12-21 13:40:13.525003
7e3e77f3-efe0-4f00-bc9a-7d795b78a11b,a7845fbf-ad12-41bf-8348-5f94f0e5b750,Ekiti,South West,6.80,2025-12-21 13:40:13.53017
4bc02239-91b7-47f3-9a48-357948f5d3e0,a7845fbf-ad12-41bf-8348-5f94f0e5b750,Lagos,South West,2.90,2025-12-21 13:40:13.533286
75e032fb-baec-4b4b-b6c1-7972321742bc,a7845fbf-ad12-41bf-8348-5f94f0e5b750,Ogun,South West,7.00,2025-12-21 13:40:13.537072
853c30db-e5ad-43ba-b48e-10da78d98d32,a7845fbf-ad12-41bf-8348-5f94f0e5b750,Ondo,South West,14.80,2025-12-21 13:40:13.541236
0ca18d1c-5047-47e0-8892-b780e08f6146,a7845fbf-ad12-41bf-8348-5f94f0e5b750,Osun,South West,3.50,2025-12-21 13:40:13.544441
4588cf58-8ebe-47ed-b910-34a7c1b27950,a7845fbf-ad12-41bf-8348-5f94f0e5b750,Oyo,South West,13.30,2025-12-21 13:40:13.547861
99a7de32-7dd7-45a4-93c0-bbbc96601279,0a0b7e2e-8e70-4267-9a63-caf79e7db88a,FCT-Abuja,North Central,67.40,2025-12-21 13:40:13.587143
6862ba6a-a811-4870-85cc-d6e42c2f9c9c,0a0b7e2e-8e70-4267-9a63-caf79e7db88a,Benue,North Central,66.20,2025-12-21 13:40:13.590829
c99537f4-0706-45d6-a382-e82716f1777f,0a0b7e2e-8e70-4267-9a63-caf79e7db88a,Kogi,North Central,54.30,2025-12-21 13:40:13.594358
4f770e11-e64b-4318-be4e-a87dc2f82c69,0a0b7e2e-8e70-4267-9a63-caf79e7db88a,Kwara,North Central,59.20,2025-12-21 13:40:13.597522
a0066165-5686-4edc-a01e-44ac43a5c111,0a0b7e2e-8e70-4267-9a63-caf79e7db88a,Niger,North Central,46.30,2025-12-21 13:40:13.604168
b8318147-8fca-477e-b3c7-d39eb634fcc7,0a0b7e2e-8e70-4267-9a63-caf79e7db88a,Plateau,North Central,51.40,2025-12-21 13:40:13.607997
94e141ca-2357-4793-874d-1dfbb28f9ffe,0a0b7e2e-8e70-4267-9a63-caf79e7db88a,Adamawa,North East,77.50,2025-12-21 13:40:13.611361
d72c5317-9961-49d8-bbac-5dcd04cc9d1e,0a0b7e2e-8e70-4267-9a63-caf79e7db88a,Bauchi,North East,40.30,2025-12-21 13:40:13.61446
4e6c4c11-4d84-4846-974d-4ed144f89aa9,0a0b7e2e-8e70-4267-9a63-caf79e7db88a,Borno,North East,78.70,2025-12-21 13:40:13.61828
c268e4e5-8e6e-4254-9997-93702a22f408,0a0b7e2e-8e70-4267-9a63-caf79e7db88a,Gombe,North East,57.20,2025-12-21 13:40:13.622174
2f1be778-c9e2-4517-8ff9-572ee12a4166,0a0b7e2e-8e70-4267-9a63-caf79e7db88a,Taraba,North East,63.00,2025-12-21 13:40:13.625117
ecbe1b06-c392-4217-a550-e9a4d14ff338,0a0b7e2e-8e70-4267-9a63-caf79e7db88a,Yobe,North East,40.10,2025-12-21 13:40:13.627766
c6aef332-a146-46ee-ab9c-089767f52ab3,0a0b7e2e-8e70-4267-9a63-caf79e7db88a,Jigawa,North West,62.90,2025-12-21 13:40:13.630301
0596d6b5-b9ab-4562-a9a3-30b59eafd9ca,0a0b7e2e-8e70-4267-9a63-caf79e7db88a,Kaduna,North West,65.40,2025-12-21 13:40:13.632941
23d66708-c9c2-41ff-9d42-88220cfec7ec,0a0b7e2e-8e70-4267-9a63-caf79e7db88a,Kano,North West,76.30,2025-12-21 13:40:13.635752
0d427970-6e7a-4e67-88b7-9758ed6ccf39,0a0b7e2e-8e70-4267-9a63-caf79e7db88a,Katsina,North West,41.80,2025-12-21 13:40:13.638635
8140807b-a908-4179-8e42-6c0ae0b535f2,0a0b7e2e-8e70-4267-9a63-caf79e7db88a,Kebbi,North West,44.50,2025-12-21 13:40:13.641177
a014f7d0-4838-4891-9f43-5db73b1a8147,0a0b7e2e-8e70-4267-9a63-caf79e7db88a,Sokoto,North West,61.60,2025-12-21 13:40:13.643751
c587db1f-cef8-46e0-8950-a0d78c381bed,0a0b7e2e-8e70-4267-9a63-caf79e7db88a,Zamfara,North West,40.00,2025-12-21 13:40:13.646201
7afb600d-c2d3-490b-a09c-bb32bd6f2350,0a0b7e2e-8e70-4267-9a63-caf79e7db88a,Abia,South East,85.30,2025-12-21 13:40:13.648652
7f66190a-96f2-4854-b376-6ed13f3ba52b,0a0b7e2e-8e70-4267-9a63-caf79e7db88a,Anambra,South East,87.20,2025-12-21 13:40:13.651181
01c71834-b0aa-4fdb-94cd-38ba3d3abc53,0a0b7e2e-8e70-4267-9a63-caf79e7db88a,Ebonyi,South East,92.30,2025-12-21 13:40:13.65401
93c8e849-428b-4629-91cd-a7aac1ec09f1,0a0b7e2e-8e70-4267-9a63-caf79e7db88a,Enugu,South East,70.60,2025-12-21 13:40:13.655923
cde043b5-ab87-4815-8e60-70f18b6d1078,0a0b7e2e-8e70-4267-9a63-caf79e7db88a,Imo,South East,47.50,2025-12-21 13:40:13.65801
60d1129c-ec70-4a6e-9e44-31c7a0b09d04,0a0b7e2e-8e70-4267-9a63-caf79e7db88a,Akwa Ibom,South South,43.40,2025-12-21 13:40:13.659929
fadf4c93-664e-4d6a-8c55-bb8d5384a6df,0a0b7e2e-8e70-4267-9a63-caf79e7db88a,Bayelsa,South South,44.70,2025-12-21 13:40:13.661684
9d352451-530c-4c08-970c-a76719465672,0a0b7e2e-8e70-4267-9a63-caf79e7db88a,Cross River,South South,77.70,2025-12-21 13:40:13.663871
b41ca543-7083-438f-836d-c88c82a6efb9,0a0b7e2e-8e70-4267-9a63-caf79e7db88a,Delta,South South,60.20,2025-12-21 13:40:13.666154
70032767-8697-4bb1-807a-dd2b11466668,0a0b7e2e-8e70-4267-9a63-caf79e7db88a,Edo,South South,61.70,2025-12-21 13:40:13.668287
6c3c82fa-0b31-48e7-a0c1-87e6c56972fa,0a0b7e2e-8e70-4267-9a63-caf79e7db88a,Rivers,South South,79.20,2025-12-21 13:40:13.670308
100390a4-6103-4302-a60a-4dfc3994e02a,0a0b7e2e-8e70-4267-9a63-caf79e7db88a,Ekiti,South West,74.00,2025-12-21 13:40:13.672647
2f038083-e752-4b79-991f-24d7ea3b2090,0a0b7e2e-8e70-4267-9a63-caf79e7db88a,Lagos,South West,69.10,2025-12-21 13:40:13.674753
8f7b0bcc-178a-42d9-a00b-27ba6ccd19b3,0a0b7e2e-8e70-4267-9a63-caf79e7db88a,Ogun,South West,54.80,2025-12-21 13:40:13.676891
65d2a773-8d16-4c91-9d1f-51ef8fab40aa,0a0b7e2e-8e70-4267-9a63-caf79e7db88a,Ondo,South West,60.00,2025-12-21 13:40:13.678756
d8010d04-0de8-4c02-ab86-ac7333d65f08,0a0b7e2e-8e70-4267-9a63-caf79e7db88a,Osun,South West,55.70,2025-12-21 13:40:13.68057
04dac401-2feb-43eb-a4eb-8e202558e02f,0a0b7e2e-8e70-4267-9a63-caf79e7db88a,Oyo,South West,55.80,2025-12-21 13:40:13.68252
cc4f3808-666e-453c-961a-f5540557b2c8,0a0b7e2e-8e70-4267-9a63-caf79e7db88a,Nasarawa,North Central,22.00,2025-12-21 13:40:13.601146
fd171564-4dc7-4ee1-a0ff-efed373c43b5,e343ceed-c384-4062-94f6-cea12e37d504,FCT-Abuja,North Central,29.20,2025-12-21 13:40:13.709665
858c4999-3368-43bb-9b84-1416eac84f86,e343ceed-c384-4062-94f6-cea12e37d504,Benue,North Central,18.30,2025-12-21 13:40:13.711442
5c46f35f-a739-4337-9d93-6b1800ddc317,e343ceed-c384-4062-94f6-cea12e37d504,Kogi,North Central,33.80,2025-12-21 13:40:13.713648
4d6928ab-fe38-4692-b543-ab390ce14ab4,e343ceed-c384-4062-94f6-cea12e37d504,Kwara,North Central,24.40,2025-12-21 13:40:13.715435
7671c91b-cb57-4196-a349-969535da79b0,e343ceed-c384-4062-94f6-cea12e37d504,Nasarawa,North Central,14.60,2025-12-21 13:40:13.717598
bb06fea3-9998-4b47-8d21-e23e33d690d2,e343ceed-c384-4062-94f6-cea12e37d504,Niger,North Central,45.40,2025-12-21 13:40:13.719907
204f11ce-c07f-4537-9442-40d30f4bdbe6,e343ceed-c384-4062-94f6-cea12e37d504,Plateau,North Central,13.60,2025-12-21 13:40:13.721664
f6f01b88-ca9e-4512-8d92-6213556610ea,e343ceed-c384-4062-94f6-cea12e37d504,Adamawa,North East,23.20,2025-12-21 13:40:13.723451
77df1119-af62-4282-b012-055fdecc0015,e343ceed-c384-4062-94f6-cea12e37d504,Bauchi,North East,50.20,2025-12-21 13:40:13.725255
3a3788b7-c340-42a2-bd48-778f560eabf6,e343ceed-c384-4062-94f6-cea12e37d504,Borno,North East,20.20,2025-12-21 13:40:13.727284
19f51f23-6648-4e6c-b492-ca37b8b65e9f,e343ceed-c384-4062-94f6-cea12e37d504,Gombe,North East,21.70,2025-12-21 13:40:13.729197
4daec590-39d6-49f2-bf0a-4aa45aee9f34,e343ceed-c384-4062-94f6-cea12e37d504,Taraba,North East,24.40,2025-12-21 13:40:13.731164
b90970f2-60bc-4d9b-b37b-d66444050f03,e343ceed-c384-4062-94f6-cea12e37d504,Yobe,North East,46.50,2025-12-21 13:40:13.73359
f83082ee-ef44-4cc2-8457-9de8581ce50d,e343ceed-c384-4062-94f6-cea12e37d504,Jigawa,North West,54.50,2025-12-21 13:40:13.735683
29decbf2-ba08-4946-9e9e-8e86ca70f24d,e343ceed-c384-4062-94f6-cea12e37d504,Kaduna,North West,50.60,2025-12-21 13:40:13.737904
6f89f341-c92f-4802-bb66-b10dbf04ef38,e343ceed-c384-4062-94f6-cea12e37d504,Kano,North West,30.90,2025-12-21 13:40:13.739956
c8fb34e0-9129-4a1a-a0d4-a942931fd62a,e343ceed-c384-4062-94f6-cea12e37d504,Katsina,North West,29.60,2025-12-21 13:40:13.741632
dcd3610f-e1e9-47d4-b2ca-8b860d46dea8,e343ceed-c384-4062-94f6-cea12e37d504,Kebbi,North West,67.30,2025-12-21 13:40:13.743258
3db15145-f2a8-4cdf-923a-adb5702cff20,e343ceed-c384-4062-94f6-cea12e37d504,Sokoto,North West,66.10,2025-12-21 13:40:13.745258
49e3ea17-022d-488c-ac7d-fadceacda608,e343ceed-c384-4062-94f6-cea12e37d504,Zamfara,North West,47.10,2025-12-21 13:40:13.747162
4c7cc949-6121-4b2e-824d-a3837836cac9,e343ceed-c384-4062-94f6-cea12e37d504,Abia,South East,41.10,2025-12-21 13:40:13.749031
42c0b9a4-16f4-4969-b31e-aaf741fa1fe1,e343ceed-c384-4062-94f6-cea12e37d504,Anambra,South East,37.50,2025-12-21 13:40:13.750906
4991a3ee-ce00-4b3e-8a68-afb9be2923ed,e343ceed-c384-4062-94f6-cea12e37d504,Ebonyi,South East,26.80,2025-12-21 13:40:13.752491
ad8a0430-fb94-47bd-ae53-d4a4b84e17cd,e343ceed-c384-4062-94f6-cea12e37d504,Enugu,South East,24.90,2025-12-21 13:40:13.754412
140d1eff-b974-413f-a5f7-dd7669aab4ef,e343ceed-c384-4062-94f6-cea12e37d504,Imo,South East,38.00,2025-12-21 13:40:13.756359
12b3fea3-e430-444e-8e3f-349980114e40,e343ceed-c384-4062-94f6-cea12e37d504,Akwa Ibom,South South,44.20,2025-12-21 13:40:13.758083
7c85d58a-438d-435b-8684-0565de62390d,e343ceed-c384-4062-94f6-cea12e37d504,Bayelsa,South South,24.20,2025-12-21 13:40:13.760116
82c30cad-cf49-454c-9809-e8b245b5f1c7,e343ceed-c384-4062-94f6-cea12e37d504,Cross River,South South,40.60,2025-12-21 13:40:13.761928
986c2cc1-1aa6-46c0-b3ea-88fad5bee7f3,e343ceed-c384-4062-94f6-cea12e37d504,Delta,South South,37.30,2025-12-21 13:40:13.763624
53f388a3-83f2-41af-8579-f8830bf5c436,e343ceed-c384-4062-94f6-cea12e37d504,Edo,South South,40.80,2025-12-21 13:40:13.76554
71a99afa-b00e-4845-a7f7-8400591203ae,e343ceed-c384-4062-94f6-cea12e37d504,Rivers,South South,30.60,2025-12-21 13:40:13.767619
1a4583f4-39f0-4891-b0d5-84541b22d835,e343ceed-c384-4062-94f6-cea12e37d504,Ekiti,South West,19.10,2025-12-21 13:40:13.769987
2744d688-e65c-4954-a1d2-4a1b0666f9cb,e343ceed-c384-4062-94f6-cea12e37d504,Lagos,South West,34.60,2025-12-21 13:40:13.772371
7cc23d7b-21bd-44eb-adf3-4d84bac999c1,e343ceed-c384-4062-94f6-cea12e37d504,Ogun,South West,25.30,2025-12-21 13:40:13.774722
1e7e8d2d-b9e5-4c98-aa74-5e4233796fab,e343ceed-c384-4062-94f6-cea12e37d504,Ondo,South West,15.20,2025-12-21 13:40:13.77673
bb2a7bfa-f13b-4edd-8a08-34d3c14dbff1,e343ceed-c384-4062-94f6-cea12e37d504,Osun,South West,15.70,2025-12-21 13:40:13.778594
396b652d-ae1c-4fc1-94c3-670cbd679e8e,e343ceed-c384-4062-94f6-cea12e37d504,Oyo,South West,18.30,2025-12-21 13:40:13.780069
12b9b136-2a84-47bd-8125-4de844229cd3,c54eeab1-59db-4710-a7d1-7db580ff8aff,FCT-Abuja,North Central,94.60,2025-12-21 13:40:13.848667
3eb54ea5-669a-4785-9e3b-4e18e31d2a3d,c54eeab1-59db-4710-a7d1-7db580ff8aff,Benue,North Central,97.60,2025-12-21 13:40:13.85118
c652c3f7-8383-4825-bb26-585d6a4ba3c5,c54eeab1-59db-4710-a7d1-7db580ff8aff,Kogi,North Central,96.70,2025-12-21 13:40:13.853978
b3440a94-ead3-42ab-95b5-2c0618acffb6,c54eeab1-59db-4710-a7d1-7db580ff8aff,Kwara,North Central,90.90,2025-12-21 13:40:13.855848
f48c5909-7f08-4419-9f7d-d3ffd4a4a54a,c54eeab1-59db-4710-a7d1-7db580ff8aff,Nasarawa,North Central,99.80,2025-12-21 13:40:13.857919
a606ae28-9ee7-4fe1-8234-bf5e4b78cdde,c54eeab1-59db-4710-a7d1-7db580ff8aff,Niger,North Central,93.30,2025-12-21 13:40:13.860252
fafc259e-8d0f-4d1f-a58b-5147d574ca59,c54eeab1-59db-4710-a7d1-7db580ff8aff,Plateau,North Central,93.70,2025-12-21 13:40:13.862612
e89f5a71-58cb-481e-a805-11980d1715b6,c54eeab1-59db-4710-a7d1-7db580ff8aff,Adamawa,North East,98.10,2025-12-21 13:40:13.86483
17646e14-fc26-49a1-90fb-aa59caabdff6,c54eeab1-59db-4710-a7d1-7db580ff8aff,Bauchi,North East,99.30,2025-12-21 13:40:13.8674
285f507d-c5ed-4019-bbd3-cb5be24e4e89,c54eeab1-59db-4710-a7d1-7db580ff8aff,Borno,North East,92.20,2025-12-21 13:40:13.869809
328d1913-53f7-4c4a-b021-832387286615,c54eeab1-59db-4710-a7d1-7db580ff8aff,Gombe,North East,92.00,2025-12-21 13:40:13.872681
c0b12050-05b5-4101-8bf8-503abd9b46c0,c54eeab1-59db-4710-a7d1-7db580ff8aff,Taraba,North East,97.30,2025-12-21 13:40:13.87494
2cb056a5-6208-4392-bd1a-6b2ae894818e,c54eeab1-59db-4710-a7d1-7db580ff8aff,Yobe,North East,99.70,2025-12-21 13:40:13.876785
8126c7eb-c821-4d00-88d7-fb1820aee3cd,c54eeab1-59db-4710-a7d1-7db580ff8aff,Jigawa,North West,94.50,2025-12-21 13:40:13.87897
0ed3a646-d0c6-48a2-aeac-a9fc58b15f97,c54eeab1-59db-4710-a7d1-7db580ff8aff,Kaduna,North West,95.00,2025-12-21 13:40:13.880855
c02c9bd9-7a1d-4280-a0cd-1019bd676ff7,c54eeab1-59db-4710-a7d1-7db580ff8aff,Kano,North West,95.20,2025-12-21 13:40:13.882722
dad2f1c2-93bb-422b-8957-8ac41c4a1a60,c54eeab1-59db-4710-a7d1-7db580ff8aff,Katsina,North West,100.00,2025-12-21 13:40:13.885012
2b93eb4f-d5e1-4eb4-a2bc-7348a7ff4ce2,c54eeab1-59db-4710-a7d1-7db580ff8aff,Kebbi,North West,94.50,2025-12-21 13:40:13.88769
f4485e40-5ddf-4da7-8fdb-d73e7c7da32b,c54eeab1-59db-4710-a7d1-7db580ff8aff,Sokoto,North West,93.80,2025-12-21 13:40:13.889984
763635cf-ec4c-47bf-a856-12fb6df6ab89,c54eeab1-59db-4710-a7d1-7db580ff8aff,Zamfara,North West,99.40,2025-12-21 13:40:13.892402
097c11ed-bf75-4873-b28b-2f79700dc7dd,c54eeab1-59db-4710-a7d1-7db580ff8aff,Abia,South East,96.30,2025-12-21 13:40:13.894334
0615cfe1-d30d-4c0d-b2f3-15a58be41ec0,c54eeab1-59db-4710-a7d1-7db580ff8aff,Anambra,South East,98.00,2025-12-21 13:40:13.896556
d26c19c6-33db-4bdb-9fa2-3bd6cc0df1da,c54eeab1-59db-4710-a7d1-7db580ff8aff,Ebonyi,South East,99.30,2025-12-21 13:40:13.898997
ccc13aee-df4f-4bc5-a986-71a177507ca5,c54eeab1-59db-4710-a7d1-7db580ff8aff,Enugu,South East,100.00,2025-12-21 13:40:13.901699
9dbbc9bf-f870-43b4-9efd-025e49cb8dd0,c54eeab1-59db-4710-a7d1-7db580ff8aff,Imo,South East,95.60,2025-12-21 13:40:13.904211
22ef09b5-9d97-4c28-adac-21dbb302beb7,c54eeab1-59db-4710-a7d1-7db580ff8aff,Akwa Ibom,South South,98.70,2025-12-21 13:40:13.906413
51e06322-63ab-4505-aed2-3af50370ace3,c54eeab1-59db-4710-a7d1-7db580ff8aff,Bayelsa,South South,96.80,2025-12-21 13:40:13.90832
93d3d303-9490-42de-9cdf-dc7f34029149,c54eeab1-59db-4710-a7d1-7db580ff8aff,Cross River,South South,98.30,2025-12-21 13:40:13.910282
02dd91fc-fb30-4407-ae32-56738642c7d3,c54eeab1-59db-4710-a7d1-7db580ff8aff,Delta,South South,96.70,2025-12-21 13:40:13.912471
81352f2a-c3f5-4662-9df6-673cae1272d0,c54eeab1-59db-4710-a7d1-7db580ff8aff,Edo,South South,77.00,2025-12-21 13:40:13.914155
eb6ca62e-46ea-42f0-bbfa-76935a94554a,c54eeab1-59db-4710-a7d1-7db580ff8aff,Rivers,South South,99.10,2025-12-21 13:40:13.916347
a19aacdf-e139-4113-9b31-3f958a43fcb8,c54eeab1-59db-4710-a7d1-7db580ff8aff,Ekiti,South West,96.80,2025-12-21 13:40:13.918604
fe5ca853-4e3a-4389-8f12-55eeedaa4c7d,c54eeab1-59db-4710-a7d1-7db580ff8aff,Lagos,South West,94.20,2025-12-21 13:40:13.920549
09e25273-98b5-4339-8478-3c10a0a0559b,c54eeab1-59db-4710-a7d1-7db580ff8aff,Ogun,South West,96.60,2025-12-21 13:40:13.922181
0e42bb2c-a8d2-4646-bd07-56ba11ec88fd,c54eeab1-59db-4710-a7d1-7db580ff8aff,Ondo,South West,99.50,2025-12-21 13:40:13.923763
8f0135cf-286c-4b0b-9716-f38fe5723cd3,c54eeab1-59db-4710-a7d1-7db580ff8aff,Osun,South West,99.30,2025-12-21 13:40:13.925242
e77d3083-7d2f-4e1d-be33-72cd0fa1ed2e,c54eeab1-59db-4710-a7d1-7db580ff8aff,Oyo,South West,95.20,2025-12-21 13:40:13.926884
07d2d1ec-7f1b-4e58-a26f-6eccae8ed841,36c12405-9131-47bd-9d49-ea61cef28335,FCT-Abuja,North Central,6.40,2025-12-21 13:40:13.952405
0bf5d2f9-2980-46af-9ec3-bd60a3b86b18,36c12405-9131-47bd-9d49-ea61cef28335,Benue,North Central,6.70,2025-12-21 13:40:13.954962
24796cba-47a8-4dd9-b07e-9281586fd556,36c12405-9131-47bd-9d49-ea61cef28335,Kogi,North Central,7.30,2025-12-21 13:40:13.95747
84dc80ed-1e0e-4bdb-a1fb-03045ea3c2ff,36c12405-9131-47bd-9d49-ea61cef28335,Kwara,North Central,2.90,2025-12-21 13:40:13.959445
2d6f9c8d-480c-4314-86b5-1fa0cc42b0d8,36c12405-9131-47bd-9d49-ea61cef28335,Nasarawa,North Central,1.20,2025-12-21 13:40:13.961674
62d9d1ae-bc97-4fa3-ae01-2c14372b903f,36c12405-9131-47bd-9d49-ea61cef28335,Niger,North Central,4.80,2025-12-21 13:40:13.949658
15f86b20-0a93-4ac2-a2ec-b5c959a9b9ca,36c12405-9131-47bd-9d49-ea61cef28335,Plateau,North Central,4.40,2025-12-21 13:40:13.965718
357f5e0a-d059-41ba-80cb-a32af992c1ab,36c12405-9131-47bd-9d49-ea61cef28335,Adamawa,North East,4.90,2025-12-21 13:40:13.968317
e263a8cd-66ce-40c8-bf5e-b54aff1de297,36c12405-9131-47bd-9d49-ea61cef28335,Bauchi,North East,12.30,2025-12-21 13:40:13.970603
7c6ea566-f207-45ae-a050-c71b5657fdb2,36c12405-9131-47bd-9d49-ea61cef28335,Borno,North East,5.70,2025-12-21 13:40:13.972566
1393600f-e048-4151-b2a8-10282bb962f0,36c12405-9131-47bd-9d49-ea61cef28335,Gombe,North East,11.20,2025-12-21 13:40:13.974393
67465242-070b-49a5-9a1a-5a96c0da457c,36c12405-9131-47bd-9d49-ea61cef28335,Taraba,North East,9.30,2025-12-21 13:40:13.976165
6e57f776-787a-4628-b8b1-c1c5668dd6f8,36c12405-9131-47bd-9d49-ea61cef28335,Yobe,North East,10.20,2025-12-21 13:40:13.978437
7585f6e7-9d11-410c-8a19-051dd5865470,36c12405-9131-47bd-9d49-ea61cef28335,Jigawa,North West,1.90,2025-12-21 13:40:13.980733
eda6a861-8db5-4413-b588-6f6e55f9a623,36c12405-9131-47bd-9d49-ea61cef28335,Kaduna,North West,6.90,2025-12-21 13:40:13.983001
71b53f08-d4bd-4f59-9c7c-0c38e899b5a6,36c12405-9131-47bd-9d49-ea61cef28335,Kano,North West,12.20,2025-12-21 13:40:13.985551
05c98a93-052e-48b2-be71-e04659fa456f,36c12405-9131-47bd-9d49-ea61cef28335,Katsina,North West,13.30,2025-12-21 13:40:13.987921
77f124c0-29b6-4ba2-81b9-ac19e971638c,36c12405-9131-47bd-9d49-ea61cef28335,Kebbi,North West,11.60,2025-12-21 13:40:13.989994
70faf3fc-4e2a-4357-932d-4d2660999826,36c12405-9131-47bd-9d49-ea61cef28335,Sokoto,North West,22.30,2025-12-21 13:40:13.992336
51019731-6595-4b24-a426-dfd0cd08972d,36c12405-9131-47bd-9d49-ea61cef28335,Zamfara,North West,16.00,2025-12-21 13:40:13.994293
09cf47bc-4af0-4226-a3fc-83b57254867c,36c12405-9131-47bd-9d49-ea61cef28335,Abia,South East,6.60,2025-12-21 13:40:13.996558
95704521-cbb1-4825-9252-7d299453a756,36c12405-9131-47bd-9d49-ea61cef28335,Anambra,South East,2.50,2025-12-21 13:40:13.998917
e25d52a2-6ebf-4eeb-adbe-7adbe8157066,36c12405-9131-47bd-9d49-ea61cef28335,Ebonyi,South East,3.70,2025-12-21 13:40:14.001418
b8b17ea3-274a-4670-8cad-0c0debfde0fa,36c12405-9131-47bd-9d49-ea61cef28335,Enugu,South East,6.80,2025-12-21 13:40:14.003934
ff99098e-e12d-4fbd-8c92-586c0199b289,36c12405-9131-47bd-9d49-ea61cef28335,Imo,South East,1.00,2025-12-21 13:40:14.006553
3c87fab1-1b3b-486a-b84f-8a009f6ecc66,36c12405-9131-47bd-9d49-ea61cef28335,Akwa Ibom,South South,8.70,2025-12-21 13:40:14.008818
e6a416f5-c392-4614-9cb2-a3f906b7fd08,36c12405-9131-47bd-9d49-ea61cef28335,Bayelsa,South South,1.10,2025-12-21 13:40:14.011003
3d778482-c8a1-43bc-a985-11d4e7159e3f,36c12405-9131-47bd-9d49-ea61cef28335,Cross River,South South,1.50,2025-12-21 13:40:14.013143
f841ccf2-1203-47dc-8093-52f80f2cf46e,36c12405-9131-47bd-9d49-ea61cef28335,Delta,South South,2.50,2025-12-21 13:40:14.014933
0f41f6f3-c3a0-41e7-91e3-075a311cb8b3,36c12405-9131-47bd-9d49-ea61cef28335,Edo,South South,3.00,2025-12-21 13:40:14.017049
cbebed33-abfb-426f-8538-730ca93e3010,36c12405-9131-47bd-9d49-ea61cef28335,Rivers,South South,5.30,2025-12-21 13:40:14.01884
9070e77f-4543-455d-b6a9-52933d876088,36c12405-9131-47bd-9d49-ea61cef28335,Ekiti,South West,2.90,2025-12-21 13:40:14.020845
0ae532ce-4856-4c80-b387-a2fc72d5c769,36c12405-9131-47bd-9d49-ea61cef28335,Lagos,South West,2.70,2025-12-21 13:40:14.023157
3e05b2ea-be8e-44e0-b6e9-024876791714,36c12405-9131-47bd-9d49-ea61cef28335,Ogun,South West,9.40,2025-12-21 13:40:14.025508
77f08a89-f185-435b-a6ad-9db542cc8ff8,36c12405-9131-47bd-9d49-ea61cef28335,Ondo,South West,10.30,2025-12-21 13:40:14.027307
d0a6b8ba-1d41-493e-9dfc-55bbd9e08a42,36c12405-9131-47bd-9d49-ea61cef28335,Osun,South West,2.70,2025-12-21 13:40:14.02919
139c825e-98be-4152-8527-380d664dea98,36c12405-9131-47bd-9d49-ea61cef28335,Oyo,South West,6.30,2025-12-21 13:40:14.031124
3623db55-5a1f-4690-b9d4-e936919cbefa,bcff88d6-6589-4515-8dad-447cf509dad8,Kano,North West,96.30,2025-12-21 13:40:14.181834
4f38e56b-5c33-44bf-b714-0d324e22e1cc,236d2480-5f3d-455b-924b-21e359f55d9d,FCT-Abuja,North Central,37.90,2025-12-21 13:40:14.448841
5fadd063-b9ba-4bb9-a216-a09c6d94a6af,236d2480-5f3d-455b-924b-21e359f55d9d,Benue,North Central,45.60,2025-12-21 13:40:14.451003
de87807e-bdbe-4d08-90c7-bf45739ae89d,236d2480-5f3d-455b-924b-21e359f55d9d,Kogi,North Central,33.40,2025-12-21 13:40:14.453144
aa539d2d-ef08-4def-8556-fc9b56919411,236d2480-5f3d-455b-924b-21e359f55d9d,Kwara,North Central,16.90,2025-12-21 13:40:14.455266
e6f39884-1f56-4479-95ad-0cea0ea77c98,236d2480-5f3d-455b-924b-21e359f55d9d,Nasarawa,North Central,29.60,2025-12-21 13:40:14.457441
7b108b00-2489-43eb-a286-6dd9c6d501b3,236d2480-5f3d-455b-924b-21e359f55d9d,Niger,North Central,19.30,2025-12-21 13:40:14.459703
a95f2a45-5a4a-480a-bedd-e1d65057abb9,236d2480-5f3d-455b-924b-21e359f55d9d,Plateau,North Central,18.60,2025-12-21 13:40:14.461788
af0edebe-60ef-4b83-afa1-805bfc6a6b13,236d2480-5f3d-455b-924b-21e359f55d9d,Adamawa,North East,8.40,2025-12-21 13:40:14.463734
41ecdcbc-56cf-4eb4-8ad9-dcd2194d456d,236d2480-5f3d-455b-924b-21e359f55d9d,Bauchi,North East,8.60,2025-12-21 13:40:14.465796
879b8860-09ee-4637-ba22-109bcf2c170a,236d2480-5f3d-455b-924b-21e359f55d9d,Borno,North East,4.30,2025-12-21 13:40:14.467897
c07b2792-b440-43ce-9097-302f77af45a0,236d2480-5f3d-455b-924b-21e359f55d9d,Gombe,North East,7.10,2025-12-21 13:40:14.469801
7fce1458-3e23-4743-94ef-73acb4bf5527,236d2480-5f3d-455b-924b-21e359f55d9d,Taraba,North East,12.80,2025-12-21 13:40:14.471554
5faf59a7-38f4-4e8a-9865-36dc87a94d55,236d2480-5f3d-455b-924b-21e359f55d9d,Yobe,North East,8.80,2025-12-21 13:40:14.473729
ec5e2efd-28ed-4d72-ace1-785761edc8ac,236d2480-5f3d-455b-924b-21e359f55d9d,Jigawa,North West,4.20,2025-12-21 13:40:14.47558
6438675a-e034-4e77-9f35-3d850640e8e6,236d2480-5f3d-455b-924b-21e359f55d9d,Kaduna,North West,14.50,2025-12-21 13:40:14.477915
4af9a2cc-c6ec-4527-b758-359029d8f641,236d2480-5f3d-455b-924b-21e359f55d9d,Kano,North West,4.90,2025-12-21 13:40:14.479766
9b9f6765-fba5-4a32-8ead-0d6f4e6447be,236d2480-5f3d-455b-924b-21e359f55d9d,Katsina,North West,23.30,2025-12-21 13:40:14.481694
189c6e8f-a3cf-4e46-b52d-74a7cd05641f,236d2480-5f3d-455b-924b-21e359f55d9d,Kebbi,North West,18.00,2025-12-21 13:40:14.48364
25bae2cd-bbdc-4b05-bfa5-cffb2725f625,236d2480-5f3d-455b-924b-21e359f55d9d,Sokoto,North West,0.80,2025-12-21 13:40:14.485457
d780d3ab-3b03-44d7-b1a4-7bae00e223a4,236d2480-5f3d-455b-924b-21e359f55d9d,Zamfara,North West,10.00,2025-12-21 13:40:14.487827
c48d559c-d37c-4170-aaf2-5d3c1e70bfd0,236d2480-5f3d-455b-924b-21e359f55d9d,Abia,South East,24.80,2025-12-21 13:40:14.489606
86a26916-5bab-4757-9bb2-1d1ee0320de3,236d2480-5f3d-455b-924b-21e359f55d9d,Anambra,South East,20.20,2025-12-21 13:40:14.491477
32a6a414-76ce-48f8-b134-3e4fe2c234be,236d2480-5f3d-455b-924b-21e359f55d9d,Ebonyi,South East,53.20,2025-12-21 13:40:14.493435
4b691ada-77dc-4815-aaba-5299da6cb9ab,236d2480-5f3d-455b-924b-21e359f55d9d,Enugu,South East,18.00,2025-12-21 13:40:14.495829
1a6f1658-bbc3-44ba-9015-471b0d914c1c,236d2480-5f3d-455b-924b-21e359f55d9d,Imo,South East,47.50,2025-12-21 13:40:14.497853
27d1cadc-0e58-469a-a266-2b377ca52b9f,236d2480-5f3d-455b-924b-21e359f55d9d,Akwa Ibom,South South,53.10,2025-12-21 13:40:14.500424
4acc0f1c-f463-4de9-a17a-d9ea413b1d6f,236d2480-5f3d-455b-924b-21e359f55d9d,Bayelsa,South South,52.70,2025-12-21 13:40:14.503447
26ffdb8b-ac55-4fcf-a784-30192daa8be9,236d2480-5f3d-455b-924b-21e359f55d9d,Cross River,South South,27.40,2025-12-21 13:40:14.506314
c9995d61-cad2-4a3a-829e-4d0594508402,236d2480-5f3d-455b-924b-21e359f55d9d,Delta,South South,36.70,2025-12-21 13:40:14.508732
795269f4-a413-4edc-b3b0-2032fa33567e,236d2480-5f3d-455b-924b-21e359f55d9d,Edo,South South,26.10,2025-12-21 13:40:14.511212
6ab14113-807f-4bf8-8ac9-04018dbb158d,236d2480-5f3d-455b-924b-21e359f55d9d,Rivers,South South,64.00,2025-12-21 13:40:14.513019
13391f8e-55b1-4f72-8779-91fbce14fbd6,236d2480-5f3d-455b-924b-21e359f55d9d,Ekiti,South West,45.20,2025-12-21 13:40:14.514661
b5a03979-cfbb-4bd6-b212-7579850de0f8,236d2480-5f3d-455b-924b-21e359f55d9d,Lagos,South West,36.70,2025-12-21 13:40:14.517441
eeca7394-df4d-4e5b-b13e-983d8b82feeb,236d2480-5f3d-455b-924b-21e359f55d9d,Ogun,South West,28.90,2025-12-21 13:40:14.519943
a87655c6-1c64-4b35-8db1-25f4471927cd,236d2480-5f3d-455b-924b-21e359f55d9d,Ondo,South West,20.70,2025-12-21 13:40:14.521904
20b6702b-3e4e-41e9-aa16-e529a4f064d4,236d2480-5f3d-455b-924b-21e359f55d9d,Osun,South West,39.10,2025-12-21 13:40:14.524263
347c7041-9172-44ff-9eef-0cdd622f3304,236d2480-5f3d-455b-924b-21e359f55d9d,Oyo,South West,31.40,2025-12-21 13:40:14.526392
3b5be1d9-ca2c-45cb-9db3-9963649ae5c7,a4e17852-215f-4fea-9126-c814c3fe9746,FCT-Abuja,North Central,22.70,2025-12-21 13:40:14.548589
9e0d7771-5652-4130-ab50-80217dd6355c,a4e17852-215f-4fea-9126-c814c3fe9746,Plateau,North Central,125.00,2025-12-21 13:40:14.561202
fbf950e9-e7ed-45d1-a872-6608b51e4266,a4e17852-215f-4fea-9126-c814c3fe9746,Adamawa,North East,100.00,2025-12-21 13:40:14.563045
db709407-db05-4ac1-81fa-7e7156e4dc1d,a4e17852-215f-4fea-9126-c814c3fe9746,Bauchi,North East,75.00,2025-12-21 13:40:14.564798
08699a2d-7bfa-4105-af1a-7ce9a25baca3,a4e17852-215f-4fea-9126-c814c3fe9746,Borno,North East,301.00,2025-12-21 13:40:14.567408
5ceb9a56-ea4a-4d7b-8fd4-046a354ce615,a4e17852-215f-4fea-9126-c814c3fe9746,Gombe,North East,100.00,2025-12-21 13:40:14.569535
7dd431df-4bc0-4093-8370-e114546db0e6,a4e17852-215f-4fea-9126-c814c3fe9746,Taraba,North East,75.00,2025-12-21 13:40:14.571701
ec7a6b9d-4069-4c9b-8197-1776ccabdbde,a4e17852-215f-4fea-9126-c814c3fe9746,Yobe,North East,75.00,2025-12-21 13:40:14.574113
eab7ded4-1f65-4480-8d8b-2fa3352bc20c,a4e17852-215f-4fea-9126-c814c3fe9746,Jigawa,North West,51.00,2025-12-21 13:40:14.576179
be5cef5c-843e-43af-a681-22d5457887e2,a4e17852-215f-4fea-9126-c814c3fe9746,Kaduna,North West,125.00,2025-12-21 13:40:14.578273
afd5b0df-c005-4679-b13a-8cd74bb1ebaa,a4e17852-215f-4fea-9126-c814c3fe9746,Kano,North West,125.00,2025-12-21 13:40:14.58021
1b4d2ffd-8a92-4d2f-8acd-052f569fd80a,a4e17852-215f-4fea-9126-c814c3fe9746,Katsina,North West,100.00,2025-12-21 13:40:14.582171
a4e5b5b3-02ae-4df7-aeb1-9cf3fd72dbb8,a4e17852-215f-4fea-9126-c814c3fe9746,Kebbi,North West,75.00,2025-12-21 13:40:14.584381
a6a57237-39cf-43b8-b62b-ae5ba4684c43,a4e17852-215f-4fea-9126-c814c3fe9746,Sokoto,North West,75.00,2025-12-21 13:40:14.58651
3659385e-eeaa-475e-8a05-de4f0d6c2688,a4e17852-215f-4fea-9126-c814c3fe9746,Zamfara,North West,75.00,2025-12-21 13:40:14.588658
4ad4a6e9-bcc6-4ddd-a19d-80a3a4ca0c80,a4e17852-215f-4fea-9126-c814c3fe9746,Abia,South East,75.00,2025-12-21 13:40:14.590415
6ec9f2ab-3e0b-4492-8a02-e4e0b0a99e64,a4e17852-215f-4fea-9126-c814c3fe9746,Anambra,South East,100.00,2025-12-21 13:40:14.592728
4b6dc1fb-79bf-4f9e-b01f-e01e95cddad5,a4e17852-215f-4fea-9126-c814c3fe9746,Ebonyi,South East,51.00,2025-12-21 13:40:14.594542
55c679e3-e077-4fe9-bffd-1c6114c0cc92,a4e17852-215f-4fea-9126-c814c3fe9746,Enugu,South East,151.00,2025-12-21 13:40:14.596574
9b3e9fea-f5ca-4b4d-bcd1-f325d29d33df,a4e17852-215f-4fea-9126-c814c3fe9746,Imo,South East,51.00,2025-12-21 13:40:14.598816
e3d26e0d-bea9-4c02-8a12-8f81745e7e89,a4e17852-215f-4fea-9126-c814c3fe9746,Bayelsa,South South,100.00,2025-12-21 13:40:14.606633
44e5c3f1-8729-4009-bb9a-cfb67cf035a5,a4e17852-215f-4fea-9126-c814c3fe9746,Cross River,South South,75.00,2025-12-21 13:40:14.610306
08748422-a07d-4a1a-b2d9-668211513843,a4e17852-215f-4fea-9126-c814c3fe9746,Delta,South South,176.00,2025-12-21 13:40:14.614112
b8b37938-a27d-44b9-ae69-72ee88e054ea,a4e17852-215f-4fea-9126-c814c3fe9746,Edo,South South,125.00,2025-12-21 13:40:14.61663
0a8bc532-6171-4ed4-b97f-29675c4f4422,a4e17852-215f-4fea-9126-c814c3fe9746,Rivers,South South,301.00,2025-12-21 13:40:14.61973
b4a7934e-d8f3-4071-a11c-ad47fcc4f787,a4e17852-215f-4fea-9126-c814c3fe9746,Ekiti,South West,125.00,2025-12-21 13:40:14.623106
8830e4f6-e022-4a3c-bdad-5a1c73c1e4b7,a4e17852-215f-4fea-9126-c814c3fe9746,Lagos,South West,301.00,2025-12-21 13:40:14.626647
c7b9114c-3de7-4cd8-9ba0-5e3f6cd50080,a4e17852-215f-4fea-9126-c814c3fe9746,Ogun,South West,176.00,2025-12-21 13:40:14.629733
df311b7c-cdbb-45aa-b197-5ed4864f793f,a4e17852-215f-4fea-9126-c814c3fe9746,Ondo,South West,301.00,2025-12-21 13:40:14.63317
bba94071-c937-4c72-a0d3-b2170bb7504d,a4e17852-215f-4fea-9126-c814c3fe9746,Osun,South West,225.00,2025-12-21 13:40:14.636948
f6b324b9-5a78-4b79-b098-7a6bb583f8f3,a4e17852-215f-4fea-9126-c814c3fe9746,Oyo,South West,276.00,2025-12-21 13:40:14.640718
cd289a25-5b71-4a6a-8ed8-a08f0d9fca7b,a4e17852-215f-4fea-9126-c814c3fe9746,Benue,North Central,100.00,2025-12-21 13:40:14.550994
ad84096d-2619-40bf-92ab-523baae149e9,a4e17852-215f-4fea-9126-c814c3fe9746,Kwara,North Central,151.00,2025-12-21 13:40:14.55511
7858ccb0-c82c-479c-81a0-ccf1f4b6a7fe,a4e17852-215f-4fea-9126-c814c3fe9746,Nasarawa,North Central,100.00,2025-12-21 13:40:14.557249
6f585aa5-56eb-47d9-8028-8c140bc283ed,a4e17852-215f-4fea-9126-c814c3fe9746,Kogi,North Central,100.00,2025-12-21 13:40:14.553179
143dac96-07f1-4b71-90ea-c5bb3e15bed9,a4e17852-215f-4fea-9126-c814c3fe9746,Akwa Ibom,South South,51.00,2025-12-21 13:40:14.601295
adf11a06-bb69-497b-8f2d-b6f689754b2d,a4e17852-215f-4fea-9126-c814c3fe9746,Niger,North Central,2021.00,2025-12-21 13:40:14.559215
4ac6ba8e-7660-45fc-848c-4744b8425415,bcff88d6-6589-4515-8dad-447cf509dad8,FCT-Abuja,North Central,87.90,2025-12-21 13:40:14.157108
f5160f3b-3597-4fa1-978e-17ad604b1875,bcff88d6-6589-4515-8dad-447cf509dad8,Benue,North Central,87.30,2025-12-21 13:40:14.159418
b92b9839-ec67-434c-b727-32fb06ca9170,bcff88d6-6589-4515-8dad-447cf509dad8,Kogi,North Central,90.20,2025-12-21 13:40:14.161155
2c0f1555-1c4f-4e35-a387-fff012d50108,bcff88d6-6589-4515-8dad-447cf509dad8,Nasarawa,North Central,94.40,2025-12-21 13:40:14.162962
3080cf1e-ef3c-417e-9c1e-dc5f42aa7d7d,bcff88d6-6589-4515-8dad-447cf509dad8,Niger,North Central,96.10,2025-12-21 13:40:14.164904
cba56d0f-1220-436c-b588-8c2b804ae452,bcff88d6-6589-4515-8dad-447cf509dad8,Plateau,North Central,91.70,2025-12-21 13:40:14.16694
74035098-e71e-4900-af95-070fc20bbb68,bcff88d6-6589-4515-8dad-447cf509dad8,Adamawa,North East,96.20,2025-12-21 13:40:14.168853
0b6113d3-d2b9-43bf-92a1-92029e256abd,bcff88d6-6589-4515-8dad-447cf509dad8,Bauchi,North East,91.00,2025-12-21 13:40:14.170466
3cd8a22a-f072-41d7-8631-cdb542881524,bcff88d6-6589-4515-8dad-447cf509dad8,Gombe,North East,96.20,2025-12-21 13:40:14.17223
ec0bbd3c-4a1d-4a94-9c7e-e30d37a89124,bcff88d6-6589-4515-8dad-447cf509dad8,Taraba,North East,93.60,2025-12-21 13:40:14.17402
f017c744-61e4-4c45-be75-93a87d26f5b8,bcff88d6-6589-4515-8dad-447cf509dad8,Yobe,North East,96.50,2025-12-21 13:40:14.17586
d5c2509a-a815-4fad-bd8e-be25aa84b310,bcff88d6-6589-4515-8dad-447cf509dad8,Jigawa,North West,91.80,2025-12-21 13:40:14.178033
7be10f7a-4957-4a52-80ba-981ea4cbe894,bcff88d6-6589-4515-8dad-447cf509dad8,Kaduna,North West,96.70,2025-12-21 13:40:14.180092
cb431360-43d1-426d-a2f6-dad7951bde4a,bcff88d6-6589-4515-8dad-447cf509dad8,Katsina,North West,90.20,2025-12-21 13:40:14.184399
931bc9e0-7993-4bca-8215-cdf3194b36cf,bcff88d6-6589-4515-8dad-447cf509dad8,Kebbi,North West,91.70,2025-12-21 13:40:14.187194
0a928e50-d0a3-46b9-bd70-e8b931cb78ab,bcff88d6-6589-4515-8dad-447cf509dad8,Sokoto,North West,5.40,2025-12-21 13:40:14.189481
9317e76c-a32d-45a6-aa7f-a929774dc55f,bcff88d6-6589-4515-8dad-447cf509dad8,Zamfara,North West,86.70,2025-12-21 13:40:14.192136
482d6eee-4550-4dea-a238-21eb7ae570e6,bcff88d6-6589-4515-8dad-447cf509dad8,Abia,South East,97.20,2025-12-21 13:40:14.194283
2e6eebe8-e158-4105-a9e2-716d95ada147,bcff88d6-6589-4515-8dad-447cf509dad8,Ebonyi,South East,90.80,2025-12-21 13:40:14.197054
a8980322-aadf-4bc7-a0df-8decb192ba0b,bcff88d6-6589-4515-8dad-447cf509dad8,Enugu,South East,79.00,2025-12-21 13:40:14.199496
c7709c5c-a9bd-447d-9d12-e5ef58171b0b,bcff88d6-6589-4515-8dad-447cf509dad8,Imo,South East,96.00,2025-12-21 13:40:14.202578
181087f2-6220-4dff-adbd-98589d3be40c,bcff88d6-6589-4515-8dad-447cf509dad8,Akwa Ibom,South South,74.70,2025-12-21 13:40:14.205967
730afbf8-0912-434d-b302-05af5547753e,bcff88d6-6589-4515-8dad-447cf509dad8,Bayelsa,South South,94.10,2025-12-21 13:40:14.208321
d9a94d0c-ed3e-4095-a102-1b2f19ec9482,bcff88d6-6589-4515-8dad-447cf509dad8,Cross River,South South,88.40,2025-12-21 13:40:14.210284
7a525b35-8a17-4292-8ec4-ffb300455185,bcff88d6-6589-4515-8dad-447cf509dad8,Delta,South South,96.60,2025-12-21 13:40:14.212539
f72d46d1-21a5-46b4-aa59-6f8cfe047dc3,bcff88d6-6589-4515-8dad-447cf509dad8,Edo,South South,87.20,2025-12-21 13:40:14.214705
340c5fe9-4a25-4c47-b857-faa76a4cff52,bcff88d6-6589-4515-8dad-447cf509dad8,Rivers,South South,96.00,2025-12-21 13:40:14.217561
664028e3-ecb9-44a3-8f7b-4e0330abff49,bcff88d6-6589-4515-8dad-447cf509dad8,Ekiti,South West,76.60,2025-12-21 13:40:14.220007
96e43b1a-11f4-440b-80b4-ce5965a5f382,bcff88d6-6589-4515-8dad-447cf509dad8,Ogun,South West,85.00,2025-12-21 13:40:14.222084
d3ac8592-16b7-40c5-9ea4-5f99e8012e67,bcff88d6-6589-4515-8dad-447cf509dad8,Ondo,South West,80.70,2025-12-21 13:40:14.224444
d6ea4ed3-4250-4441-8b84-660aea73beda,bcff88d6-6589-4515-8dad-447cf509dad8,Osun,South West,82.60,2025-12-21 13:40:14.226152
2b784b21-71af-47dd-93cc-0105e27c0537,bcff88d6-6589-4515-8dad-447cf509dad8,Oyo,South West,76.20,2025-12-21 13:40:14.227898
9259be8b-263c-430b-8b31-18ebac64796d,9259a34d-6c95-4a00-914a-bf7e81124f9a,FCT-Abuja,North Central,1.60,2025-12-21 14:20:29.917089
9b2a8d99-5c8a-401e-b487-0f9da63904e6,9259a34d-6c95-4a00-914a-bf7e81124f9a,Benue,North Central,2.90,2025-12-21 14:20:29.917089
1dbe39b5-dc45-4d23-814b-a8e3a9d37c2e,9259a34d-6c95-4a00-914a-bf7e81124f9a,Kogi,North Central,1.70,2025-12-21 14:20:29.917089
52066814-59f7-4a29-80c9-f63c41d5b360,9259a34d-6c95-4a00-914a-bf7e81124f9a,Kwara,North Central,1.90,2025-12-21 14:20:29.917089
0c1f695f-1fd1-4aca-934d-8c1c0cec3e3d,9259a34d-6c95-4a00-914a-bf7e81124f9a,Nasarawa,North Central,2.50,2025-12-21 14:20:29.917089
8d6b9ccb-7788-46b6-a37f-f716005fcc14,9259a34d-6c95-4a00-914a-bf7e81124f9a,Plateau,North Central,2.10,2025-12-21 14:20:29.917089
3b6c9d31-8bfb-4db0-8ffd-2dbe83424d69,9259a34d-6c95-4a00-914a-bf7e81124f9a,Adamawa,North East,2.30,2025-12-21 14:20:29.917089
7ec8fe25-c1f3-49bc-972d-39203698c450,9259a34d-6c95-4a00-914a-bf7e81124f9a,Bauchi,North East,4.90,2025-12-21 14:20:29.917089
cc4ac1a9-4036-47e3-b665-761914b400ee,9259a34d-6c95-4a00-914a-bf7e81124f9a,Borno,North East,2.50,2025-12-21 14:20:29.917089
0d106a6f-2ddd-4732-a6bf-d998f1783dc0,9259a34d-6c95-4a00-914a-bf7e81124f9a,Gombe,North East,1.90,2025-12-21 14:20:29.917089
dfd474ef-2130-4f55-a88c-2fa3c6f06102,9259a34d-6c95-4a00-914a-bf7e81124f9a,Taraba,North East,1.90,2025-12-21 14:20:29.917089
d54e4db6-3f8c-4ed1-b111-529e41f566b0,9259a34d-6c95-4a00-914a-bf7e81124f9a,Yobe,North East,3.10,2025-12-21 14:20:29.917089
eacb29d0-c6c2-4623-a701-594db971665e,9259a34d-6c95-4a00-914a-bf7e81124f9a,Jigawa,North West,3.90,2025-12-21 14:20:29.917089
41054510-10f5-495d-a3b8-51dede453eb7,9259a34d-6c95-4a00-914a-bf7e81124f9a,Kaduna,North West,4.80,2025-12-21 14:20:29.917089
76ff2a0c-492f-429b-bab1-146515b56107,9259a34d-6c95-4a00-914a-bf7e81124f9a,Kano,North West,6.40,2025-12-21 14:20:29.917089
27032075-9286-4f03-b9c2-9dc3a826e809,9259a34d-6c95-4a00-914a-bf7e81124f9a,Katsina,North West,9.40,2025-12-21 14:20:29.917089
57cabb50-9be0-4bcd-b47b-9dab07273a6f,9259a34d-6c95-4a00-914a-bf7e81124f9a,Kebbi,North West,4.20,2025-12-21 14:20:29.917089
1c710953-9a9e-4653-b9ce-1a92e1c48f08,9259a34d-6c95-4a00-914a-bf7e81124f9a,Sokoto,North West,2.80,2025-12-21 14:20:29.917089
30881c51-9a1a-4f9b-b510-2c1e52b884fb,9259a34d-6c95-4a00-914a-bf7e81124f9a,Zamfara,North West,1.90,2025-12-21 14:20:29.917089
cc5b03a2-cb99-40cf-bdca-a6642a9c4675,9259a34d-6c95-4a00-914a-bf7e81124f9a,Abia,South East,1.20,2025-12-21 14:20:29.917089
0b8b8d44-be26-4c63-8e17-ecd4643dd494,9259a34d-6c95-4a00-914a-bf7e81124f9a,Anambra,South East,2.00,2025-12-21 14:20:29.917089
236fdfa7-4b5c-48a9-b2fb-0ab303c26323,9259a34d-6c95-4a00-914a-bf7e81124f9a,Ebonyi,South East,2.10,2025-12-21 14:20:29.917089
506642cd-a7f2-4f64-8aff-20f6fabce077,9259a34d-6c95-4a00-914a-bf7e81124f9a,Enugu,South East,1.40,2025-12-21 14:20:29.917089
9fee9a4e-2fa5-4d44-b095-59be428cb876,9259a34d-6c95-4a00-914a-bf7e81124f9a,Imo,South East,1.00,2025-12-21 14:20:29.917089
91eb4324-0259-48be-9851-95c81a955fa7,9259a34d-6c95-4a00-914a-bf7e81124f9a,Akwa Ibom,South South,3.30,2025-12-21 14:20:29.917089
636c4e8a-ca41-4682-b038-c6447eb956a6,9259a34d-6c95-4a00-914a-bf7e81124f9a,Bayelsa,South South,0.90,2025-12-21 14:20:29.917089
88f936dc-9bad-4051-8157-1af6deb14964,9259a34d-6c95-4a00-914a-bf7e81124f9a,Cross River,South South,1.50,2025-12-21 14:20:29.917089
3b9b89d6-bc31-489c-9428-d2da1163e51b,9259a34d-6c95-4a00-914a-bf7e81124f9a,Delta,South South,2.10,2025-12-21 14:20:29.917089
219f65cd-de7b-4c37-bbcb-478dfed02c8f,9259a34d-6c95-4a00-914a-bf7e81124f9a,Edo,South South,2.10,2025-12-21 14:20:29.917089
2e630997-424c-4c6f-9761-ff1dbc8f3d4e,9259a34d-6c95-4a00-914a-bf7e81124f9a,Rivers,South South,2.10,2025-12-21 14:20:29.917089
b83455d3-b51d-4192-a0ea-815a3f4f0c4d,9259a34d-6c95-4a00-914a-bf7e81124f9a,Ekiti,South West,0.80,2025-12-21 14:20:29.917089
f401b0f1-a486-4ea3-9d5b-9d23eb7f70c1,9259a34d-6c95-4a00-914a-bf7e81124f9a,Lagos,South West,4.30,2025-12-21 14:20:29.917089
42292bf4-ef2f-4865-820e-f5c05e2c3638,9259a34d-6c95-4a00-914a-bf7e81124f9a,Ogun,South West,2.10,2025-12-21 14:20:29.917089
dfca0156-4700-4d74-836f-e440c36f14a3,9259a34d-6c95-4a00-914a-bf7e81124f9a,Ondo,South West,1.10,2025-12-21 14:20:29.917089
1c6a93b6-6c76-4377-9c80-496599b0a018,9259a34d-6c95-4a00-914a-bf7e81124f9a,Osun,South West,2.20,2025-12-21 14:20:29.917089
bc81b97c-2df1-4229-8f8d-2688f35511d0,9259a34d-6c95-4a00-914a-bf7e81124f9a,Oyo,South West,3.40,2025-12-21 14:20:29.917089
9cc316eb-7ee5-4fcc-a3a7-f1ce718f963c,a7ae8368-2dd9-4bee-a7e4-a471d758665c,Kwara,North Central,42.80,2025-12-21 14:21:44.949263
c3cff067-0a80-4c85-9c17-9b0429a3df96,a7ae8368-2dd9-4bee-a7e4-a471d758665c,Nasarawa,North Central,23.40,2025-12-21 14:21:44.949263
4d7063ac-64e5-4c24-86b6-35fdb8baf2b9,a7ae8368-2dd9-4bee-a7e4-a471d758665c,Niger,North Central,30.70,2025-12-21 14:21:44.949263
cf730b0e-7b2e-43b9-b545-45001bb1bcff,a7ae8368-2dd9-4bee-a7e4-a471d758665c,Plateau,North Central,26.60,2025-12-21 14:21:44.949263
1bd27531-5c22-45e0-a9f9-7a8a803776e5,a7ae8368-2dd9-4bee-a7e4-a471d758665c,Adamawa,North East,72.80,2025-12-21 14:21:44.949263
414abe1b-bd78-4ec7-b6ce-5d07db55df0e,a7ae8368-2dd9-4bee-a7e4-a471d758665c,Bauchi,North East,71.10,2025-12-21 14:21:44.949263
ef79fb8b-fd5a-40e9-a84c-9874117a6b90,a7ae8368-2dd9-4bee-a7e4-a471d758665c,Borno,North East,56.60,2025-12-21 14:21:44.949263
df0a30ab-0cd2-4766-bb93-2f36c6999c33,a7ae8368-2dd9-4bee-a7e4-a471d758665c,Taraba,North East,52.10,2025-12-21 14:21:44.949263
d2db2a8a-49f4-4790-be20-8ff180ee08d7,a7ae8368-2dd9-4bee-a7e4-a471d758665c,Yobe,North East,59.30,2025-12-21 14:21:44.949263
033bd4e3-088d-43b4-8df8-438394766cf1,a7ae8368-2dd9-4bee-a7e4-a471d758665c,Jigawa,North West,86.00,2025-12-21 14:21:44.949263
53f95f2a-30f7-454a-8f02-62242522d67e,a7ae8368-2dd9-4bee-a7e4-a471d758665c,Kaduna,North West,60.80,2025-12-21 14:21:44.949263
4a9da087-d7e3-4da1-988a-b6b394c82279,a7ae8368-2dd9-4bee-a7e4-a471d758665c,Kano,North West,76.90,2025-12-21 14:21:44.949263
82031ac6-88ea-49d3-801f-c41c7aef9e94,a7ae8368-2dd9-4bee-a7e4-a471d758665c,Katsina,North West,51.40,2025-12-21 14:21:44.949263
e6056595-0f8f-478e-8e38-11937b8da499,a7ae8368-2dd9-4bee-a7e4-a471d758665c,Kebbi,North West,54.10,2025-12-21 14:21:44.949263
dc69ef4f-e7b5-42e7-a1ac-363a2116b9e5,a7ae8368-2dd9-4bee-a7e4-a471d758665c,Sokoto,North West,45.30,2025-12-21 14:21:44.949263
e6bd9e17-5cb6-4a4a-b644-03b213de377d,a7ae8368-2dd9-4bee-a7e4-a471d758665c,Zamfara,North West,65.50,2025-12-21 14:21:44.949263
51efce77-a0b3-4d4f-a4bf-067a52129dc2,a7ae8368-2dd9-4bee-a7e4-a471d758665c,Anambra,South East,5.70,2025-12-21 14:21:44.949263
3e93dbd9-e7ce-452e-b9f9-b858682f603c,a7ae8368-2dd9-4bee-a7e4-a471d758665c,Ebonyi,South East,66.50,2025-12-21 14:21:44.949263
55b85ff1-dad5-44d5-b6bf-150918d03c42,a7ae8368-2dd9-4bee-a7e4-a471d758665c,Bayelsa,South South,22.90,2025-12-21 14:21:44.949263
d609ba23-d83f-48ad-9360-b3376fa6453b,a7ae8368-2dd9-4bee-a7e4-a471d758665c,Rivers,South South,1.40,2025-12-21 14:21:44.949263
48c834db-bf78-4301-99cd-08282f25c239,920ddc88-7081-47e0-a880-a3623f5cc83d,FCT-Abuja,North Central,10.70,2025-12-21 14:21:45.082617
106d36c9-bd42-4bc8-9d0c-4cf556bec13f,920ddc88-7081-47e0-a880-a3623f5cc83d,Benue,North Central,11.40,2025-12-21 14:21:45.082617
8820fad4-842a-4c7c-a1ac-b3ec6856235f,920ddc88-7081-47e0-a880-a3623f5cc83d,Kogi,North Central,9.50,2025-12-21 14:21:45.082617
2a113df1-3cbe-496a-9800-88f90fc6ffe8,920ddc88-7081-47e0-a880-a3623f5cc83d,Kwara,North Central,30.90,2025-12-21 14:21:45.082617
f93554b1-3a99-4deb-a403-548fcb117ff5,920ddc88-7081-47e0-a880-a3623f5cc83d,Nasarawa,North Central,10.10,2025-12-21 14:21:45.082617
8bacebf0-8ea0-415a-bc23-7b1aa7b2b366,920ddc88-7081-47e0-a880-a3623f5cc83d,Niger,North Central,3.50,2025-12-21 14:21:45.082617
116f7804-b868-492a-849f-59f8a13f635d,920ddc88-7081-47e0-a880-a3623f5cc83d,Plateau,North Central,6.90,2025-12-21 14:21:45.082617
b76b867d-2c13-4b6e-808b-4662f86e9623,920ddc88-7081-47e0-a880-a3623f5cc83d,Adamawa,North East,9.20,2025-12-21 14:21:45.082617
e5a171cb-b3df-4385-8059-b3f24e9e48aa,920ddc88-7081-47e0-a880-a3623f5cc83d,Bauchi,North East,2.10,2025-12-21 14:21:45.082617
f6d703e6-b7e7-4deb-adae-d568364a6f10,920ddc88-7081-47e0-a880-a3623f5cc83d,Borno,North East,3.00,2025-12-21 14:21:45.082617
cb440feb-fba2-4c5b-b7f7-2332ff0631f6,920ddc88-7081-47e0-a880-a3623f5cc83d,Gombe,North East,8.10,2025-12-21 14:21:45.082617
59082d15-0c51-4e90-a4d7-f43b860073ce,920ddc88-7081-47e0-a880-a3623f5cc83d,Taraba,North East,13.30,2025-12-21 14:21:45.082617
8a7658f6-9529-4c83-b978-5abf8efc3b88,920ddc88-7081-47e0-a880-a3623f5cc83d,Yobe,North East,13.30,2025-12-21 14:21:45.082617
29bfbab7-c623-4bd3-8d21-e66e2192c06c,920ddc88-7081-47e0-a880-a3623f5cc83d,Jigawa,North West,10.00,2025-12-21 14:21:45.082617
d35557c6-c752-45c9-91cd-1eff5dc198dd,920ddc88-7081-47e0-a880-a3623f5cc83d,Kaduna,North West,13.30,2025-12-21 14:21:45.082617
9370b44d-2c82-43c6-8063-2bcdd86e6864,920ddc88-7081-47e0-a880-a3623f5cc83d,Kano,North West,2.00,2025-12-21 14:21:45.082617
37d2ce45-1f47-4f76-aa18-0bb89911d18a,920ddc88-7081-47e0-a880-a3623f5cc83d,Katsina,North West,3.00,2025-12-21 14:21:45.082617
82a6125a-8a73-42d8-8a67-e318a021ba61,920ddc88-7081-47e0-a880-a3623f5cc83d,Kebbi,North West,1.50,2025-12-21 14:21:45.082617
1fc63bff-bcab-4904-bb13-30e41a3d77de,920ddc88-7081-47e0-a880-a3623f5cc83d,Sokoto,North West,0.80,2025-12-21 14:21:45.082617
20391ff1-e96b-4b6d-a1c0-5a84a4803fd6,920ddc88-7081-47e0-a880-a3623f5cc83d,Zamfara,North West,5.40,2025-12-21 14:21:45.082617
8db1f31e-17c8-438b-8291-053b8c7ca46b,920ddc88-7081-47e0-a880-a3623f5cc83d,Abia,South East,22.50,2025-12-21 14:21:45.082617
77403136-23bb-45d1-9650-fcc3abd421b7,920ddc88-7081-47e0-a880-a3623f5cc83d,Anambra,South East,28.10,2025-12-21 14:21:45.082617
707043fa-7aa4-4eb7-8ab8-0d406919e86b,920ddc88-7081-47e0-a880-a3623f5cc83d,Ebonyi,South East,9.30,2025-12-21 14:21:45.082617
19627745-9f3c-467c-972c-77a4e065ddac,920ddc88-7081-47e0-a880-a3623f5cc83d,Enugu,South East,14.10,2025-12-21 14:21:45.082617
9b65bf63-417a-4e73-bd30-cae75f7a017c,920ddc88-7081-47e0-a880-a3623f5cc83d,Imo,South East,19.40,2025-12-21 14:21:45.082617
38a94992-4083-4fc9-9d42-ff2ed0953209,920ddc88-7081-47e0-a880-a3623f5cc83d,Akwa Ibom,South South,14.50,2025-12-21 14:21:45.082617
c5e6b88c-3e5a-4e09-94a0-398a91ebbd0c,920ddc88-7081-47e0-a880-a3623f5cc83d,Bayelsa,South South,19.80,2025-12-21 14:21:45.082617
15e96a4d-1cae-485f-bee0-2a11c9bd530e,920ddc88-7081-47e0-a880-a3623f5cc83d,Cross River,South South,20.20,2025-12-21 14:21:45.082617
2d9af54d-94a0-4a7e-a83e-c84f48aff946,920ddc88-7081-47e0-a880-a3623f5cc83d,Delta,South South,28.50,2025-12-21 14:21:45.082617
2dc2816f-0d93-4a69-8a38-c4385dd834db,920ddc88-7081-47e0-a880-a3623f5cc83d,Edo,South South,28.10,2025-12-21 14:21:45.082617
8f32d007-ae43-4a36-9b33-d22304713337,920ddc88-7081-47e0-a880-a3623f5cc83d,Rivers,South South,21.50,2025-12-21 14:21:45.082617
1ba6e442-721d-4ea5-97c1-b9f3caf8ec67,920ddc88-7081-47e0-a880-a3623f5cc83d,Ekiti,South West,28.00,2025-12-21 14:21:45.082617
b92029a3-8cec-4eb7-b9cb-cee7c24bba92,920ddc88-7081-47e0-a880-a3623f5cc83d,Lagos,South West,39.40,2025-12-21 14:21:45.082617
10b558f6-3c9b-4858-b627-4becfbc72ad5,920ddc88-7081-47e0-a880-a3623f5cc83d,Ogun,South West,24.00,2025-12-21 14:21:45.082617
599f6c5a-68fa-4be9-a4ae-9c48160a8e27,920ddc88-7081-47e0-a880-a3623f5cc83d,Ondo,South West,18.80,2025-12-21 14:21:45.082617
0d37b8c3-091d-4acf-b6ed-d3ed81d0b13b,920ddc88-7081-47e0-a880-a3623f5cc83d,Osun,South West,20.40,2025-12-21 14:21:45.082617
2e8d8418-1e7e-40d7-a393-31b865521b15,920ddc88-7081-47e0-a880-a3623f5cc83d,Oyo,South West,20.70,2025-12-21 14:21:45.082617
e6493f2c-7c63-4f33-902d-1ab0a7b50f8c,db5720ce-f769-4a68-82c8-9211d0797bf6,Niger,North Central,54.40,2025-12-21 14:21:45.229526
df8f7121-3f19-4bd8-8867-46eea4786bf8,db5720ce-f769-4a68-82c8-9211d0797bf6,FCT-Abuja,North Central,48.20,2025-12-21 14:21:45.229526
36ccd1d5-36c3-4d0f-a5a9-a16c5bd34738,db5720ce-f769-4a68-82c8-9211d0797bf6,Benue,North Central,74.80,2025-12-21 14:21:45.229526
0081fc2e-2a74-4e4c-a041-7f8cef533464,db5720ce-f769-4a68-82c8-9211d0797bf6,Kogi,North Central,34.20,2025-12-21 14:21:45.229526
07bd75db-6eda-410d-9901-2296ba898a35,db5720ce-f769-4a68-82c8-9211d0797bf6,Kwara,North Central,64.80,2025-12-21 14:21:45.229526
0e970380-f3ac-4fcd-88ef-84fcc2e2995c,db5720ce-f769-4a68-82c8-9211d0797bf6,Nasarawa,North Central,36.90,2025-12-21 14:21:45.229526
74f240e1-c8dc-4616-8fdc-420ac669e827,db5720ce-f769-4a68-82c8-9211d0797bf6,Plateau,North Central,39.50,2025-12-21 14:21:45.229526
9cfc4bbf-295b-44c1-9d81-f1aff49c37c4,db5720ce-f769-4a68-82c8-9211d0797bf6,Adamawa,North East,90.20,2025-12-21 14:21:45.229526
8df5bbc0-6c7e-48df-8f7c-3e70f065048b,db5720ce-f769-4a68-82c8-9211d0797bf6,Bauchi,North East,74.70,2025-12-21 14:21:45.229526
b26a18b8-d653-4114-a753-d88b7e42fef6,db5720ce-f769-4a68-82c8-9211d0797bf6,Borno,North East,52.30,2025-12-21 14:21:45.229526
e327c4b0-95bf-4401-9a08-4b079e3a96e5,db5720ce-f769-4a68-82c8-9211d0797bf6,Gombe,North East,82.10,2025-12-21 14:21:45.229526
be50cf9b-4d25-4b19-9a36-3946935d156a,db5720ce-f769-4a68-82c8-9211d0797bf6,Taraba,North East,69.20,2025-12-21 14:21:45.229526
a125ed95-018c-4f0d-a599-ec63b5aa0b11,db5720ce-f769-4a68-82c8-9211d0797bf6,Yobe,North East,77.00,2025-12-21 14:21:45.229526
9a410e01-334b-46c5-842d-f643e7e77065,db5720ce-f769-4a68-82c8-9211d0797bf6,Jigawa,North West,89.10,2025-12-21 14:21:45.229526
440a5203-dc75-4c53-b017-ff1db547bbed,db5720ce-f769-4a68-82c8-9211d0797bf6,Kaduna,North West,83.30,2025-12-21 14:21:45.229526
3908ea36-bd2b-42dc-bf1a-2a5afca9cbfd,db5720ce-f769-4a68-82c8-9211d0797bf6,Kano,North West,86.80,2025-12-21 14:21:45.229526
f9f47530-1d14-44c1-bbf7-0c8ec507f138,db5720ce-f769-4a68-82c8-9211d0797bf6,Katsina,North West,64.90,2025-12-21 14:21:45.229526
50ffc2ed-266d-4003-b346-e23798a7aff0,db5720ce-f769-4a68-82c8-9211d0797bf6,Kebbi,North West,78.10,2025-12-21 14:21:45.229526
a782f397-4749-4db2-a406-63325c7f4460,db5720ce-f769-4a68-82c8-9211d0797bf6,Sokoto,North West,73.50,2025-12-21 14:21:45.229526
1b45b1fc-04bb-4ab7-95ba-7f26282616c5,db5720ce-f769-4a68-82c8-9211d0797bf6,Zamfara,North West,67.60,2025-12-21 14:21:45.229526
731e26ee-49d4-4925-b806-6cf7cab5d8b1,db5720ce-f769-4a68-82c8-9211d0797bf6,Abia,South East,30.50,2025-12-21 14:21:45.229526
0830310e-6e7b-4aea-b821-a5ee3e9b830e,db5720ce-f769-4a68-82c8-9211d0797bf6,Anambra,South East,26.70,2025-12-21 14:21:45.229526
5d08f5fa-2979-4997-88c8-b48e860adaf9,db5720ce-f769-4a68-82c8-9211d0797bf6,Ebonyi,South East,66.20,2025-12-21 14:21:45.229526
62e3f7d7-9d72-487f-9182-73040a033a2a,db5720ce-f769-4a68-82c8-9211d0797bf6,Enugu,South East,22.80,2025-12-21 14:21:45.229526
53a4c41a-e127-4514-8342-6204cdbba90c,db5720ce-f769-4a68-82c8-9211d0797bf6,Imo,South East,30.90,2025-12-21 14:21:45.229526
867296d4-b38b-45bb-b9bc-2f78b43d45d7,db5720ce-f769-4a68-82c8-9211d0797bf6,Akwa Ibom,South South,41.90,2025-12-21 14:21:45.229526
dba6c3ef-e61f-45ac-95d2-5f2c03d6aa87,db5720ce-f769-4a68-82c8-9211d0797bf6,Bayelsa,South South,37.80,2025-12-21 14:21:45.229526
816da1f1-25fe-4833-88a9-e602f58220c0,db5720ce-f769-4a68-82c8-9211d0797bf6,Cross River,South South,52.90,2025-12-21 14:21:45.229526
aa920427-7de3-43d2-992f-66dc5b075450,db5720ce-f769-4a68-82c8-9211d0797bf6,Delta,South South,54.80,2025-12-21 14:21:45.229526
6a2c4cc4-f197-4350-b6d5-34246a8edf65,db5720ce-f769-4a68-82c8-9211d0797bf6,Edo,South South,28.00,2025-12-21 14:21:45.229526
d69ec9f3-5f31-4c1e-8fce-7724022802cf,db5720ce-f769-4a68-82c8-9211d0797bf6,Rivers,South South,22.80,2025-12-21 14:21:45.229526
d88c443f-6560-443e-893a-7603e30fd3d4,db5720ce-f769-4a68-82c8-9211d0797bf6,Ekiti,South West,25.40,2025-12-21 14:21:45.229526
dcb33a1d-e4a3-4eb8-b017-025295573ffd,db5720ce-f769-4a68-82c8-9211d0797bf6,Lagos,South West,38.30,2025-12-21 14:21:45.229526
7aca4998-c9bb-4177-9ab3-b72cc90c0173,db5720ce-f769-4a68-82c8-9211d0797bf6,Ogun,South West,39.70,2025-12-21 14:21:45.229526
1e694c7f-ac1d-429a-bcdb-e93b065eea9c,db5720ce-f769-4a68-82c8-9211d0797bf6,Ondo,South West,33.40,2025-12-21 14:21:45.229526
3b07a28b-b7ca-4ee7-bc94-9302472522ab,db5720ce-f769-4a68-82c8-9211d0797bf6,Osun,South West,72.20,2025-12-21 14:21:45.229526
de325314-e2f4-4840-9937-f07edcb45c55,db5720ce-f769-4a68-82c8-9211d0797bf6,Oyo,South West,54.10,2025-12-21 14:21:45.229526
cc37e33a-a800-40db-9a3a-051393a58953,65db48b1-e64d-4ba8-a040-15f0eb525905,FCT-Abuja,North Central,13.40,2025-12-21 14:21:45.365197
c059b009-acd0-47ec-a59f-8e707fbd8d19,65db48b1-e64d-4ba8-a040-15f0eb525905,Benue,North Central,93.10,2025-12-21 14:21:45.365197
2677ea66-a184-4d71-b442-655b720785de,65db48b1-e64d-4ba8-a040-15f0eb525905,Kogi,North Central,81.60,2025-12-21 14:21:45.365197
0d1a5c79-7df0-4915-ad25-059c6200d5b1,65db48b1-e64d-4ba8-a040-15f0eb525905,Kwara,North Central,86.70,2025-12-21 14:21:45.365197
8c5e1301-719c-4362-ae4b-074f75c78623,65db48b1-e64d-4ba8-a040-15f0eb525905,Nasarawa,North Central,75.00,2025-12-21 14:21:45.365197
e22d7ed0-017c-45a0-96df-406989005a64,65db48b1-e64d-4ba8-a040-15f0eb525905,Niger,North Central,78.10,2025-12-21 14:21:45.365197
af76cd8c-eddf-45e8-a7be-4760a8f4feba,65db48b1-e64d-4ba8-a040-15f0eb525905,Plateau,North Central,88.30,2025-12-21 14:21:45.365197
4d1994db-3b6d-4597-bfeb-b8689d06125b,65db48b1-e64d-4ba8-a040-15f0eb525905,Adamawa,North East,94.00,2025-12-21 14:21:45.365197
3f8bbcf9-d9c8-4482-a35b-1f85537a0356,65db48b1-e64d-4ba8-a040-15f0eb525905,Bauchi,North East,82.50,2025-12-21 14:21:45.365197
306b4ca7-356d-415c-81d1-070181dd7c35,65db48b1-e64d-4ba8-a040-15f0eb525905,Borno,North East,54.70,2025-12-21 14:21:45.365197
b5499e62-24e3-47ed-9f09-7c4bfbe3e1c7,65db48b1-e64d-4ba8-a040-15f0eb525905,Gombe,North East,97.80,2025-12-21 14:21:45.365197
6ba5f8cf-caba-4abe-ae2c-7cb2dbdfb139,65db48b1-e64d-4ba8-a040-15f0eb525905,Taraba,North East,74.90,2025-12-21 14:21:45.365197
d0572327-5400-47e9-8adb-e5c4b809da3d,65db48b1-e64d-4ba8-a040-15f0eb525905,Yobe,North East,71.00,2025-12-21 14:21:45.365197
ac80e1ff-e131-4c56-b9bb-0d500861d703,65db48b1-e64d-4ba8-a040-15f0eb525905,Jigawa,North West,80.30,2025-12-21 14:21:45.365197
348b13d6-92ac-4cf4-9250-443b99ba9794,65db48b1-e64d-4ba8-a040-15f0eb525905,Kaduna,North West,78.00,2025-12-21 14:21:45.365197
ae6af8c7-0043-4d30-9a5b-2f876c6393ec,65db48b1-e64d-4ba8-a040-15f0eb525905,Kano,North West,85.40,2025-12-21 14:21:45.365197
e8829e2e-f3b5-4e02-8360-744afdadb8f6,65db48b1-e64d-4ba8-a040-15f0eb525905,Katsina,North West,65.60,2025-12-21 14:21:45.365197
9d9e09b4-d5de-4106-96b8-352970c4f45a,65db48b1-e64d-4ba8-a040-15f0eb525905,Kebbi,North West,57.20,2025-12-21 14:21:45.365197
bba52c1f-50f2-44d2-8d48-49dc289faf34,65db48b1-e64d-4ba8-a040-15f0eb525905,Sokoto,North West,68.70,2025-12-21 14:21:45.365197
a8bed4ea-e796-498b-a5f4-82e13751c701,65db48b1-e64d-4ba8-a040-15f0eb525905,Zamfara,North West,84.70,2025-12-21 14:21:45.365197
6964e6cb-fbcf-4301-803e-1975a8213323,65db48b1-e64d-4ba8-a040-15f0eb525905,Abia,South East,70.50,2025-12-21 14:21:45.365197
3e91547c-e3f0-4483-b3ee-e8b3de8b2b0a,65db48b1-e64d-4ba8-a040-15f0eb525905,Anambra,South East,54.80,2025-12-21 14:21:45.365197
851d491e-d463-434b-8a8b-10dc0b1ff839,65db48b1-e64d-4ba8-a040-15f0eb525905,Ebonyi,South East,92.50,2025-12-21 14:21:45.365197
9ebe826e-1620-42d9-9d8e-92719b13c670,65db48b1-e64d-4ba8-a040-15f0eb525905,Enugu,South East,58.40,2025-12-21 14:21:45.365197
00529dcc-52ea-45a4-aad8-1a0ab6d54192,65db48b1-e64d-4ba8-a040-15f0eb525905,Imo,South East,90.90,2025-12-21 14:21:45.365197
1d67fa9e-dbad-4993-a58a-029d2ab8dd72,65db48b1-e64d-4ba8-a040-15f0eb525905,Akwa Ibom,South South,95.60,2025-12-21 14:21:45.365197
7b98f931-4583-4404-a856-be94aa40edf7,65db48b1-e64d-4ba8-a040-15f0eb525905,Bayelsa,South South,26.90,2025-12-21 14:21:45.365197
f55ce1ee-b1bd-40e6-ad07-c537ee10f085,65db48b1-e64d-4ba8-a040-15f0eb525905,Cross River,South South,66.40,2025-12-21 14:21:45.365197
3335475b-2d2f-4155-8e59-84a7df8ef5fa,65db48b1-e64d-4ba8-a040-15f0eb525905,Delta,South South,71.50,2025-12-21 14:21:45.365197
796146f2-b6ad-4256-a6be-0d14a5b15235,65db48b1-e64d-4ba8-a040-15f0eb525905,Edo,South South,78.80,2025-12-21 14:21:45.365197
2b6a177c-75f5-482b-932d-55c49a266085,65db48b1-e64d-4ba8-a040-15f0eb525905,Rivers,South South,49.40,2025-12-21 14:21:45.365197
eff94e2c-c613-452b-91d8-236a6d91d7b4,65db48b1-e64d-4ba8-a040-15f0eb525905,Ekiti,South West,74.60,2025-12-21 14:21:45.365197
9640d5da-3f4e-454c-8e47-fb143c5ddc67,65db48b1-e64d-4ba8-a040-15f0eb525905,Lagos,South West,41.30,2025-12-21 14:21:45.365197
bdb55ab5-6d28-4241-bfe9-4527bb9c6b2e,65db48b1-e64d-4ba8-a040-15f0eb525905,Ogun,South West,93.80,2025-12-21 14:21:45.365197
e05ae06b-a9a6-4169-8b72-def332115fe8,65db48b1-e64d-4ba8-a040-15f0eb525905,Ondo,South West,69.50,2025-12-21 14:21:45.365197
57f7ab91-ef81-47f1-b2b5-2d4e5fdb54ec,65db48b1-e64d-4ba8-a040-15f0eb525905,Osun,South West,94.20,2025-12-21 14:21:45.365197
9bd7bd38-251b-4c39-8f01-6e71f9f576ed,65db48b1-e64d-4ba8-a040-15f0eb525905,Oyo,South West,96.10,2025-12-21 14:21:45.365197
18645aa8-b5fc-43fe-88ea-d8af9f9250d8,715fe054-75e0-4d3e-9c61-83520f903c4a,FCT-Abuja,North Central,32.50,2025-12-21 14:21:45.528863
9f02d9e8-78d6-4217-b9c9-280ecea74c70,715fe054-75e0-4d3e-9c61-83520f903c4a,Benue,North Central,56.80,2025-12-21 14:21:45.528863
69dd3c63-a61f-49b2-a2ea-984f5c61025a,715fe054-75e0-4d3e-9c61-83520f903c4a,Kogi,North Central,18.90,2025-12-21 14:21:45.528863
2316ab74-76cc-45e7-9f25-cadc7f7095e5,715fe054-75e0-4d3e-9c61-83520f903c4a,Kwara,North Central,39.60,2025-12-21 14:21:45.528863
a21b6756-146d-4135-9c55-a18b0a37a1fc,715fe054-75e0-4d3e-9c61-83520f903c4a,Nasarawa,North Central,16.10,2025-12-21 14:21:45.528863
0d7f3c19-261a-4826-a619-ef1de7590a4b,715fe054-75e0-4d3e-9c61-83520f903c4a,Plateau,North Central,27.50,2025-12-21 14:21:45.528863
e8d143b1-53b1-421c-905e-4ed316c97652,715fe054-75e0-4d3e-9c61-83520f903c4a,Adamawa,North East,67.70,2025-12-21 14:21:45.528863
c08d8710-3ddf-4797-88f3-7469b19409c1,715fe054-75e0-4d3e-9c61-83520f903c4a,Bauchi,North East,51.50,2025-12-21 14:21:45.528863
7570b12a-5b50-48a3-a090-775e14a9a87f,715fe054-75e0-4d3e-9c61-83520f903c4a,Borno,North East,36.70,2025-12-21 14:21:45.528863
93490c4b-887b-45ad-9c67-8455cbdc5c8e,715fe054-75e0-4d3e-9c61-83520f903c4a,Gombe,North East,63.90,2025-12-21 14:21:45.528863
51d7dc5c-3394-4b9e-96b6-55c7dc762594,715fe054-75e0-4d3e-9c61-83520f903c4a,Taraba,North East,40.90,2025-12-21 14:21:45.528863
d4eeea5d-d2c1-451b-a4b5-9e951846c156,715fe054-75e0-4d3e-9c61-83520f903c4a,Yobe,North East,43.20,2025-12-21 14:21:45.528863
5a3d7c4e-4056-4c85-b399-9e99ba74359c,715fe054-75e0-4d3e-9c61-83520f903c4a,Jigawa,North West,64.20,2025-12-21 14:21:45.528863
529a77f9-ce45-4b82-9abb-5bbd406de1aa,715fe054-75e0-4d3e-9c61-83520f903c4a,Kaduna,North West,58.00,2025-12-21 14:21:45.528863
33c8eeab-6d9b-4184-ae0e-0a8b2c69429d,715fe054-75e0-4d3e-9c61-83520f903c4a,Kano,North West,63.80,2025-12-21 14:21:45.528863
e4204f97-edb2-4f93-82c8-2783e8fe94c0,715fe054-75e0-4d3e-9c61-83520f903c4a,Katsina,North West,42.00,2025-12-21 14:21:45.528863
7aa0c373-f6fd-4de0-8f56-e444952f8453,715fe054-75e0-4d3e-9c61-83520f903c4a,Kebbi,North West,42.20,2025-12-21 14:21:45.528863
c4b5b11c-16e7-4b8b-832f-de004c874c46,715fe054-75e0-4d3e-9c61-83520f903c4a,Sokoto,North West,33.10,2025-12-21 14:21:45.528863
e1996e3e-4c05-4943-ae9b-5f00979f4f99,715fe054-75e0-4d3e-9c61-83520f903c4a,Zamfara,North West,41.20,2025-12-21 14:21:45.528863
5ed18bb4-0cd6-4022-805e-15d9e77554db,715fe054-75e0-4d3e-9c61-83520f903c4a,Abia,South East,15.40,2025-12-21 14:21:45.528863
7943b286-74d2-4c3c-9073-e91c952a74a2,715fe054-75e0-4d3e-9c61-83520f903c4a,Anambra,South East,10.30,2025-12-21 14:21:45.528863
92abb6f8-5330-4795-a5d6-808e8d58da53,715fe054-75e0-4d3e-9c61-83520f903c4a,Ebonyi,South East,48.10,2025-12-21 14:21:45.528863
ad52e3c9-3c07-4cd1-9f9a-c96987c035a5,715fe054-75e0-4d3e-9c61-83520f903c4a,Enugu,South East,9.80,2025-12-21 14:21:45.528863
322b19b9-0381-400b-a875-4c18fc2023cb,715fe054-75e0-4d3e-9c61-83520f903c4a,Imo,South East,7.40,2025-12-21 14:21:45.528863
06b4b0e8-0f68-4d76-8c0a-118ff3c09ab2,715fe054-75e0-4d3e-9c61-83520f903c4a,Akwa Ibom,South South,17.90,2025-12-21 14:21:45.528863
fb9ec5b2-5ff6-4da4-92a2-a71bf1af9a54,715fe054-75e0-4d3e-9c61-83520f903c4a,Bayelsa,South South,21.40,2025-12-21 14:21:45.528863
902f693c-f821-43d0-970a-35f7373e7d77,715fe054-75e0-4d3e-9c61-83520f903c4a,Cross River,South South,30.60,2025-12-21 14:21:45.528863
eabd65d8-b2a8-4261-a52b-00818bbfa7e8,715fe054-75e0-4d3e-9c61-83520f903c4a,Delta,South South,26.20,2025-12-21 14:21:45.528863
c64d2629-ed91-43b1-ae3c-3790e38a6a43,715fe054-75e0-4d3e-9c61-83520f903c4a,Edo,South South,12.50,2025-12-21 14:21:45.528863
70cb0792-9a4d-4644-9220-a3d78ea4097f,715fe054-75e0-4d3e-9c61-83520f903c4a,Rivers,South South,10.60,2025-12-21 14:21:45.528863
d596eebd-67a2-4104-a272-3e9ad5d9bb29,715fe054-75e0-4d3e-9c61-83520f903c4a,Ekiti,South West,10.00,2025-12-21 14:21:45.528863
a1e1087d-2622-4ea0-b6a3-85c27180d0fa,715fe054-75e0-4d3e-9c61-83520f903c4a,Lagos,South West,13.70,2025-12-21 14:21:45.528863
511b4ec1-a9bd-4659-9cd3-3f1cd361c46d,715fe054-75e0-4d3e-9c61-83520f903c4a,Ogun,South West,21.70,2025-12-21 14:21:45.528863
ba0c8678-2cd7-4afb-abb9-28a4f052184d,715fe054-75e0-4d3e-9c61-83520f903c4a,Ondo,South West,17.90,2025-12-21 14:21:45.528863
f38d0987-93ad-4c0f-94b3-9ca84aebeb99,715fe054-75e0-4d3e-9c61-83520f903c4a,Osun,South West,35.30,2025-12-21 14:21:45.528863
aa0b479f-28cd-456d-9435-afe84d6e6ede,715fe054-75e0-4d3e-9c61-83520f903c4a,Oyo,South West,31.50,2025-12-21 14:21:45.528863
3aee8968-2f15-477d-a044-1e079a7fd0b0,4a627ccd-cbf1-4957-a97d-bc61540cb8da,Niger,North Central,72.30,2025-12-21 14:21:45.690235
edff4787-66b5-490c-b8f9-221f997f10ae,4a627ccd-cbf1-4957-a97d-bc61540cb8da,FCT-Abuja,North Central,82.30,2025-12-21 14:21:45.690235
cb984e51-0448-48a5-a644-1c904ea74631,4a627ccd-cbf1-4957-a97d-bc61540cb8da,Benue,North Central,87.20,2025-12-21 14:21:45.690235
fa82f076-8908-4604-89b0-ad14cef2cd37,4a627ccd-cbf1-4957-a97d-bc61540cb8da,Kogi,North Central,74.90,2025-12-21 14:21:45.690235
0a215e7e-99d5-4ea9-a206-7216466e112c,4a627ccd-cbf1-4957-a97d-bc61540cb8da,Kwara,North Central,69.10,2025-12-21 14:21:45.690235
e19561a6-0ffc-4ae3-962e-6428e456afaf,4a627ccd-cbf1-4957-a97d-bc61540cb8da,Nasarawa,North Central,66.40,2025-12-21 14:21:45.690235
93dc8d8f-161d-4672-b941-3f432ca79624,4a627ccd-cbf1-4957-a97d-bc61540cb8da,Plateau,North Central,84.00,2025-12-21 14:21:45.690235
68d1f44e-4e3c-40f6-9768-5ca437c64e56,4a627ccd-cbf1-4957-a97d-bc61540cb8da,Adamawa,North East,84.80,2025-12-21 14:21:45.690235
6b9d140a-793d-495c-b086-197c1213ab8c,4a627ccd-cbf1-4957-a97d-bc61540cb8da,Bauchi,North East,84.70,2025-12-21 14:21:45.690235
ab208234-3855-4b86-b0c3-51e4443bd4e0,4a627ccd-cbf1-4957-a97d-bc61540cb8da,Borno,North East,91.60,2025-12-21 14:21:45.690235
ff1a45f6-7580-45b9-be77-cf22de270983,4a627ccd-cbf1-4957-a97d-bc61540cb8da,Gombe,North East,79.40,2025-12-21 14:21:45.690235
6a42ea90-6073-4ded-ae96-df83962d0cff,4a627ccd-cbf1-4957-a97d-bc61540cb8da,Taraba,North East,72.30,2025-12-21 14:21:45.690235
6a66bf6a-cdeb-4822-bc3f-d2d22550fb4f,4a627ccd-cbf1-4957-a97d-bc61540cb8da,Yobe,North East,76.60,2025-12-21 14:21:45.690235
942aca5d-2768-4c82-b9e2-d95ec06811b3,4a627ccd-cbf1-4957-a97d-bc61540cb8da,Jigawa,North West,88.30,2025-12-21 14:21:45.690235
a48f8776-45f6-42b2-b045-49ca1080dc68,4a627ccd-cbf1-4957-a97d-bc61540cb8da,Kaduna,North West,77.60,2025-12-21 14:21:45.690235
2dec1209-4d01-42a7-a823-c9057010aba5,4a627ccd-cbf1-4957-a97d-bc61540cb8da,Kano,North West,90.80,2025-12-21 14:21:45.690235
ded2b1de-67ab-49d2-a1e1-d19b3137e804,4a627ccd-cbf1-4957-a97d-bc61540cb8da,Katsina,North West,89.80,2025-12-21 14:21:45.690235
7be0d551-79f4-4cf1-9dcb-af00a39c4b77,4a627ccd-cbf1-4957-a97d-bc61540cb8da,Kebbi,North West,73.60,2025-12-21 14:21:45.690235
165a5201-00ec-41cb-b01c-f9f144752cd6,4a627ccd-cbf1-4957-a97d-bc61540cb8da,Sokoto,North West,64.30,2025-12-21 14:21:45.690235
1c181081-90fc-450c-b61c-aa59d107847f,4a627ccd-cbf1-4957-a97d-bc61540cb8da,Zamfara,North West,90.80,2025-12-21 14:21:45.690235
c558ed0c-2661-4bc2-9758-a46bd8040cb7,4a627ccd-cbf1-4957-a97d-bc61540cb8da,Abia,South East,50.20,2025-12-21 14:21:45.690235
acea1d3b-7209-45ab-911e-d9724c0513f3,4a627ccd-cbf1-4957-a97d-bc61540cb8da,Anambra,South East,63.60,2025-12-21 14:21:45.690235
f23e017d-d032-46e0-8d8e-c3fd717b5cc8,4a627ccd-cbf1-4957-a97d-bc61540cb8da,Ebonyi,South East,65.90,2025-12-21 14:21:45.690235
be7a6793-2491-48a8-9a95-75e79a8f5749,4a627ccd-cbf1-4957-a97d-bc61540cb8da,Enugu,South East,53.40,2025-12-21 14:21:45.690235
97f6eb42-0b5f-4065-8a52-329b7c3987cd,4a627ccd-cbf1-4957-a97d-bc61540cb8da,Imo,South East,26.50,2025-12-21 14:21:45.690235
d4bcab0d-d7fd-4c51-9d6b-68284a897319,4a627ccd-cbf1-4957-a97d-bc61540cb8da,Akwa Ibom,South South,53.30,2025-12-21 14:21:45.690235
5509c67f-cd95-4ae3-b426-b095841a9a73,4a627ccd-cbf1-4957-a97d-bc61540cb8da,Bayelsa,South South,70.80,2025-12-21 14:21:45.690235
383f568f-edfe-4d94-a844-5402ec4a35bf,4a627ccd-cbf1-4957-a97d-bc61540cb8da,Cross River,South South,66.90,2025-12-21 14:21:45.690235
7ee858ad-c85b-4ba2-ae8f-e3556fb460f6,4a627ccd-cbf1-4957-a97d-bc61540cb8da,Delta,South South,53.80,2025-12-21 14:21:45.690235
338b5096-8530-4a89-a9ce-679415d17960,4a627ccd-cbf1-4957-a97d-bc61540cb8da,Edo,South South,45.90,2025-12-21 14:21:45.690235
2c3ac93a-2bbb-424b-b99b-1efd5002f8f9,4a627ccd-cbf1-4957-a97d-bc61540cb8da,Rivers,South South,54.00,2025-12-21 14:21:45.690235
99bad75e-b5f1-434c-808f-eff909250fc1,4a627ccd-cbf1-4957-a97d-bc61540cb8da,Ekiti,South West,52.90,2025-12-21 14:21:45.690235
e24f1ea3-6a1e-4703-84c0-245d31bd4c15,4a627ccd-cbf1-4957-a97d-bc61540cb8da,Lagos,South West,36.80,2025-12-21 14:21:45.690235
cbaa11a5-730a-4acc-9840-99075488e13c,4a627ccd-cbf1-4957-a97d-bc61540cb8da,Ogun,South West,65.50,2025-12-21 14:21:45.690235
ae4f7a9d-7ab8-4434-a432-5abfa0c8d667,4a627ccd-cbf1-4957-a97d-bc61540cb8da,Ondo,South West,63.30,2025-12-21 14:21:45.690235
c09977e0-8c50-47e0-806a-b164876a0bc5,4a627ccd-cbf1-4957-a97d-bc61540cb8da,Osun,South West,43.20,2025-12-21 14:21:45.690235
2e924bd7-8247-4200-9522-55a3651190d6,4a627ccd-cbf1-4957-a97d-bc61540cb8da,Oyo,South West,64.70,2025-12-21 14:21:45.690235
8e43868c-4ba8-47db-880d-2bd993f097b1,7e079216-8d07-43d2-bc04-ee11d395e116,FCT-Abuja,North Central,48.20,2025-12-21 14:21:45.837564
d01ab5e0-4a13-471f-87c2-8f4fddd0d8cd,7e079216-8d07-43d2-bc04-ee11d395e116,Benue,North Central,57.60,2025-12-21 14:21:45.837564
463eb580-0138-46dd-95a0-4592329f0627,7e079216-8d07-43d2-bc04-ee11d395e116,Kogi,North Central,23.10,2025-12-21 14:21:45.837564
28c7c710-bec8-401a-9105-4139a52ed1f1,7e079216-8d07-43d2-bc04-ee11d395e116,Kwara,North Central,46.70,2025-12-21 14:21:45.837564
310d8b13-61d4-4e51-88ee-d09be49101fc,7e079216-8d07-43d2-bc04-ee11d395e116,Nasarawa,North Central,15.10,2025-12-21 14:21:45.837564
4f2ef16f-462a-4fae-983e-0377d688d4a9,7e079216-8d07-43d2-bc04-ee11d395e116,Niger,North Central,22.10,2025-12-21 14:21:45.837564
10e3ee84-51f5-4345-a009-4df433bc0915,7e079216-8d07-43d2-bc04-ee11d395e116,Plateau,North Central,30.80,2025-12-21 14:21:45.837564
8ec1f96e-9305-47af-9166-88474fbac541,7e079216-8d07-43d2-bc04-ee11d395e116,Adamawa,North East,78.10,2025-12-21 14:21:45.837564
2689054f-3ac9-48bd-9c2a-90f8dfb35f05,7e079216-8d07-43d2-bc04-ee11d395e116,Bauchi,North East,56.10,2025-12-21 14:21:45.837564
837a8217-972b-48b6-bea2-a66e3043ebff,7e079216-8d07-43d2-bc04-ee11d395e116,Borno,North East,41.70,2025-12-21 14:21:45.837564
1a541f60-f53d-4b96-afdf-ff34494f36ae,7e079216-8d07-43d2-bc04-ee11d395e116,Gombe,North East,65.20,2025-12-21 14:21:45.837564
e0de4318-ab38-42a5-b41b-e1db6d846d9f,7e079216-8d07-43d2-bc04-ee11d395e116,Taraba,North East,41.90,2025-12-21 14:21:45.837564
1ac540e2-5612-40d0-a04e-3324989525cf,7e079216-8d07-43d2-bc04-ee11d395e116,Yobe,North East,41.30,2025-12-21 14:21:45.837564
af57e8d6-ca4f-4283-adbd-b885059351e5,7e079216-8d07-43d2-bc04-ee11d395e116,Jigawa,North West,71.20,2025-12-21 14:21:45.837564
250fb200-4426-4989-b82d-1b77c229d091,7e079216-8d07-43d2-bc04-ee11d395e116,Kaduna,North West,63.00,2025-12-21 14:21:45.837564
100900da-bd38-44ea-8b13-c5a98cfbe6ca,7e079216-8d07-43d2-bc04-ee11d395e116,Kano,North West,64.80,2025-12-21 14:21:45.837564
f387a729-e492-4c7f-955e-c6ec482be6c0,7e079216-8d07-43d2-bc04-ee11d395e116,Katsina,North West,48.10,2025-12-21 14:21:45.837564
be7cb6c6-3e72-40d1-a627-601a65bb1146,7e079216-8d07-43d2-bc04-ee11d395e116,Kebbi,North West,46.20,2025-12-21 14:21:45.837564
f78ca5b8-d856-49f8-89ac-89682d918f6a,7e079216-8d07-43d2-bc04-ee11d395e116,Sokoto,North West,42.30,2025-12-21 14:21:45.837564
0f2eb0f5-fde6-4f23-b518-bf81952666d1,7e079216-8d07-43d2-bc04-ee11d395e116,Zamfara,North West,46.20,2025-12-21 14:21:45.837564
eb5fd4d8-b3b6-41bd-a4fd-98d3af9937c4,7e079216-8d07-43d2-bc04-ee11d395e116,Abia,South East,21.90,2025-12-21 14:21:45.837564
8ff7bcc0-b993-4ec7-b9e9-8265162c4f8b,7e079216-8d07-43d2-bc04-ee11d395e116,Anambra,South East,20.40,2025-12-21 14:21:45.837564
167b0c8e-5c8f-467f-953b-27b74fb158be,7e079216-8d07-43d2-bc04-ee11d395e116,Ebonyi,South East,53.90,2025-12-21 14:21:45.837564
4bbe0967-4069-4af7-ab31-89d574b398c2,7e079216-8d07-43d2-bc04-ee11d395e116,Enugu,South East,12.90,2025-12-21 14:21:45.837564
50ec9dfb-1744-4819-993a-f7ac30b20948,7e079216-8d07-43d2-bc04-ee11d395e116,Imo,South East,10.60,2025-12-21 14:21:45.837564
78c75406-5cce-4b57-942e-a3b20e902f45,7e079216-8d07-43d2-bc04-ee11d395e116,Akwa Ibom,South South,19.50,2025-12-21 14:21:45.837564
e769611d-8e94-4ee5-a402-6a91a7f9ae64,7e079216-8d07-43d2-bc04-ee11d395e116,Bayelsa,South South,25.90,2025-12-21 14:21:45.837564
a922fb81-56dd-43cb-acf4-8a6d415ec6a7,7e079216-8d07-43d2-bc04-ee11d395e116,Cross River,South South,38.70,2025-12-21 14:21:45.837564
72ca04e6-2647-4734-bbd9-12e794ffa8cf,7e079216-8d07-43d2-bc04-ee11d395e116,Delta,South South,28.10,2025-12-21 14:21:45.837564
5083ecd3-ae0a-499a-a91e-78e8a38cc6d8,7e079216-8d07-43d2-bc04-ee11d395e116,Edo,South South,17.40,2025-12-21 14:21:45.837564
35852656-e871-4f2d-890b-4975aaad7784,7e079216-8d07-43d2-bc04-ee11d395e116,Rivers,South South,14.40,2025-12-21 14:21:45.837564
ca53d123-910a-4a7b-8fbe-718979732703,7e079216-8d07-43d2-bc04-ee11d395e116,Ekiti,South West,10.80,2025-12-21 14:21:45.837564
27afbf84-da7c-48ee-b178-3d1b281a54f1,7e079216-8d07-43d2-bc04-ee11d395e116,Lagos,South West,14.00,2025-12-21 14:21:45.837564
9654c3e6-1537-4127-939a-8964cab5273f,7e079216-8d07-43d2-bc04-ee11d395e116,Ogun,South West,18.20,2025-12-21 14:21:45.837564
20143137-398d-486f-9723-916dd3133b97,7e079216-8d07-43d2-bc04-ee11d395e116,Ondo,South West,25.70,2025-12-21 14:21:45.837564
9aecb7db-5318-4f6e-b3eb-7afb714920c9,7e079216-8d07-43d2-bc04-ee11d395e116,Osun,South West,35.10,2025-12-21 14:21:45.837564
d3314367-595e-4214-9df7-d323785bc338,7e079216-8d07-43d2-bc04-ee11d395e116,Oyo,South West,35.60,2025-12-21 14:21:45.837564
6b282cac-5c6f-4345-ad25-505afb38ca5d,39a92562-5848-45f4-84b8-ce2c06eb5e5a,FCT-Abuja,North Central,71.00,2025-12-21 14:21:46.016946
9951b85b-e8ac-480a-8eba-acd3b896620f,39a92562-5848-45f4-84b8-ce2c06eb5e5a,Benue,North Central,28.30,2025-12-21 14:21:46.016946
6257e411-04b1-4ad9-bd08-83281c90d094,39a92562-5848-45f4-84b8-ce2c06eb5e5a,Kogi,North Central,41.80,2025-12-21 14:21:46.016946
fa10d4e9-fa3c-4ea8-8f7f-53902fa6cc54,39a92562-5848-45f4-84b8-ce2c06eb5e5a,Kwara,North Central,41.40,2025-12-21 14:21:46.016946
238868c1-74f6-4691-925a-c041038636e0,39a92562-5848-45f4-84b8-ce2c06eb5e5a,Nasarawa,North Central,48.30,2025-12-21 14:21:46.016946
d4e30927-e5ff-4941-9888-bf30a78d2ad8,39a92562-5848-45f4-84b8-ce2c06eb5e5a,Niger,North Central,29.60,2025-12-21 14:21:46.016946
8af2e545-31e0-408f-8dd3-cc82c636f23c,39a92562-5848-45f4-84b8-ce2c06eb5e5a,Plateau,North Central,31.70,2025-12-21 14:21:46.016946
8b659304-49af-466c-9c72-1889c62479b9,39a92562-5848-45f4-84b8-ce2c06eb5e5a,Adamawa,North East,18.50,2025-12-21 14:21:46.016946
4e4757fe-f619-4418-acfe-e13f9e861579,39a92562-5848-45f4-84b8-ce2c06eb5e5a,Bauchi,North East,13.40,2025-12-21 14:21:46.016946
51ade0eb-484e-4d18-ab2d-962dfcf66980,39a92562-5848-45f4-84b8-ce2c06eb5e5a,Borno,North East,28.60,2025-12-21 14:21:46.016946
19099f51-245f-4a08-8c24-2347b2f768c8,39a92562-5848-45f4-84b8-ce2c06eb5e5a,Gombe,North East,28.50,2025-12-21 14:21:46.016946
24fe68ad-da74-485c-84a4-f46beb59f500,39a92562-5848-45f4-84b8-ce2c06eb5e5a,Taraba,North East,39.60,2025-12-21 14:21:46.016946
695a313c-5565-4382-9f3d-f9bcec749aaa,39a92562-5848-45f4-84b8-ce2c06eb5e5a,Yobe,North East,20.10,2025-12-21 14:21:46.016946
6a0eaf5b-649f-4b59-87c0-c0851f4a1be8,39a92562-5848-45f4-84b8-ce2c06eb5e5a,Jigawa,North West,17.90,2025-12-21 14:21:46.016946
9635dfaa-f92f-4549-b127-3da76b4608f0,39a92562-5848-45f4-84b8-ce2c06eb5e5a,Kaduna,North West,31.60,2025-12-21 14:21:46.016946
19760f5f-6cea-46c3-80ad-b185285418d2,39a92562-5848-45f4-84b8-ce2c06eb5e5a,Kano,North West,16.80,2025-12-21 14:21:46.016946
9003d8e3-5d2e-4abb-ade1-56b3db3e201f,39a92562-5848-45f4-84b8-ce2c06eb5e5a,Katsina,North West,0.40,2025-12-21 14:21:46.016946
a1da18ce-3902-4650-b3f5-5e88d2eee19d,39a92562-5848-45f4-84b8-ce2c06eb5e5a,Kebbi,North West,15.90,2025-12-21 14:21:46.016946
ffbf458a-5387-440c-ac91-55bf7e73ce2b,39a92562-5848-45f4-84b8-ce2c06eb5e5a,Sokoto,North West,22.60,2025-12-21 14:21:46.016946
81ee8369-5a2e-4776-b642-d5aea7cf23e7,39a92562-5848-45f4-84b8-ce2c06eb5e5a,Zamfara,North West,18.00,2025-12-21 14:21:46.016946
054d99f6-df88-4198-8508-fd8d8df55ea5,39a92562-5848-45f4-84b8-ce2c06eb5e5a,Abia,South East,47.40,2025-12-21 14:21:46.016946
b7ff3a63-41fc-4247-9cf5-c026ebb749c4,39a92562-5848-45f4-84b8-ce2c06eb5e5a,Anambra,South East,53.10,2025-12-21 14:21:46.016946
a54dc916-6212-4e96-ba63-fb2a258b5648,39a92562-5848-45f4-84b8-ce2c06eb5e5a,Ebonyi,South East,23.20,2025-12-21 14:21:46.016946
ec2bacab-47ae-4203-ab39-35747b3ba09c,39a92562-5848-45f4-84b8-ce2c06eb5e5a,Enugu,South East,49.20,2025-12-21 14:21:46.016946
ce05bfc7-f82b-4eff-8c8e-e3473d869c9f,39a92562-5848-45f4-84b8-ce2c06eb5e5a,Imo,South East,38.80,2025-12-21 14:21:46.016946
a133e183-f0bd-43ce-8337-0ebf86c9ea27,39a92562-5848-45f4-84b8-ce2c06eb5e5a,Akwa Ibom,South South,33.30,2025-12-21 14:21:46.016946
df4cb797-efdc-4879-ae9a-417685293615,39a92562-5848-45f4-84b8-ce2c06eb5e5a,Bayelsa,South South,36.10,2025-12-21 14:21:46.016946
72d9f27b-de8f-447c-bfc5-e41c832b0f14,39a92562-5848-45f4-84b8-ce2c06eb5e5a,Cross River,South South,37.30,2025-12-21 14:21:46.016946
c664fe61-ba25-4b80-bfdc-7fdb1f5dc489,39a92562-5848-45f4-84b8-ce2c06eb5e5a,Delta,South South,61.80,2025-12-21 14:21:46.016946
16f74fb5-052d-43b4-89e7-db0a7c9f6ef8,39a92562-5848-45f4-84b8-ce2c06eb5e5a,Edo,South South,52.70,2025-12-21 14:21:46.016946
b0eefe5f-7453-42c1-80a5-c9094ff7af76,39a92562-5848-45f4-84b8-ce2c06eb5e5a,Rivers,South South,52.80,2025-12-21 14:21:46.016946
3c0693bb-0e52-4112-9016-6c3fccc33dd1,39a92562-5848-45f4-84b8-ce2c06eb5e5a,Ekiti,South West,61.10,2025-12-21 14:21:46.016946
4b5b68af-33ea-46e6-ae14-9aa92a1a1605,39a92562-5848-45f4-84b8-ce2c06eb5e5a,Lagos,South West,65.40,2025-12-21 14:21:46.016946
268389bd-3fbe-48ad-8791-999a6acc920a,39a92562-5848-45f4-84b8-ce2c06eb5e5a,Ogun,South West,51.80,2025-12-21 14:21:46.016946
7d2971ea-2ef4-4d6f-a4c1-9d339e46e6cc,39a92562-5848-45f4-84b8-ce2c06eb5e5a,Ondo,South West,33.00,2025-12-21 14:21:46.016946
38cddf91-106a-49c2-86f3-0ed434a4fb1d,39a92562-5848-45f4-84b8-ce2c06eb5e5a,Osun,South West,60.10,2025-12-21 14:21:46.016946
96fd28c7-844c-4d5b-8638-b8588db64d0f,39a92562-5848-45f4-84b8-ce2c06eb5e5a,Oyo,South West,55.60,2025-12-21 14:21:46.016946
76c94702-98ba-4e19-9ad9-d150b7f9fd1b,fe0d1b12-5647-4998-a757-272ecd21f6ee,FCT-Abuja,North Central,34.60,2025-12-21 14:21:46.181894
8da2d050-817e-4f7c-89a3-2c470b693461,fe0d1b12-5647-4998-a757-272ecd21f6ee,Benue,North Central,34.00,2025-12-21 14:21:46.181894
f741bddf-a809-4b28-9552-8bfcb3c1df85,fe0d1b12-5647-4998-a757-272ecd21f6ee,Kogi,North Central,27.70,2025-12-21 14:21:46.181894
230c9c82-292c-4a74-a590-eedcfebf49f9,fe0d1b12-5647-4998-a757-272ecd21f6ee,Kwara,North Central,17.60,2025-12-21 14:21:46.181894
56c87344-9364-4b53-aaa8-5a0a18ea277b,fe0d1b12-5647-4998-a757-272ecd21f6ee,Nasarawa,North Central,29.90,2025-12-21 14:21:46.181894
ad69571a-8f1d-44f6-b83e-88ff5990d51e,fe0d1b12-5647-4998-a757-272ecd21f6ee,Niger,North Central,42.60,2025-12-21 14:21:46.181894
8cda24cc-77b0-43dd-bc89-ff0a20036932,fe0d1b12-5647-4998-a757-272ecd21f6ee,Plateau,North Central,26.40,2025-12-21 14:21:46.181894
892961a5-9c67-4f29-9c96-98f46e246a94,fe0d1b12-5647-4998-a757-272ecd21f6ee,Adamawa,North East,28.00,2025-12-21 14:21:46.181894
3465b5f3-f2c3-49c9-be50-95c7768f705e,fe0d1b12-5647-4998-a757-272ecd21f6ee,Bauchi,North East,59.60,2025-12-21 14:21:46.181894
c666d431-1f3b-4823-b658-723c836f6dd4,fe0d1b12-5647-4998-a757-272ecd21f6ee,Borno,North East,18.60,2025-12-21 14:21:46.181894
eae9d687-5a90-4af4-9b57-e6eba07a86bf,fe0d1b12-5647-4998-a757-272ecd21f6ee,Gombe,North East,33.10,2025-12-21 14:21:46.181894
122c5be5-00e5-49dc-8b80-6b4f546c770f,fe0d1b12-5647-4998-a757-272ecd21f6ee,Taraba,North East,24.50,2025-12-21 14:21:46.181894
311d3f80-87ca-400d-a629-8e3fdd1708a1,fe0d1b12-5647-4998-a757-272ecd21f6ee,Yobe,North East,62.50,2025-12-21 14:21:46.181894
03eaf4e0-3e66-4aa3-9648-77c1b9214e3c,fe0d1b12-5647-4998-a757-272ecd21f6ee,Jigawa,North West,54.50,2025-12-21 14:21:46.181894
acf6927b-e051-465c-9b0e-7df43423bd25,fe0d1b12-5647-4998-a757-272ecd21f6ee,Kaduna,North West,32.30,2025-12-21 14:21:46.181894
8621087f-8bff-4cdf-a31a-762ce48deb44,fe0d1b12-5647-4998-a757-272ecd21f6ee,Kano,North West,54.00,2025-12-21 14:21:46.181894
a22eefe6-c7b9-4af4-9eb7-8da6def187a4,fe0d1b12-5647-4998-a757-272ecd21f6ee,Katsina,North West,49.50,2025-12-21 14:21:46.181894
4a79fcb3-fdff-4780-9c21-b4bfd9d6c11a,fe0d1b12-5647-4998-a757-272ecd21f6ee,Kebbi,North West,75.60,2025-12-21 14:21:46.181894
6664b59c-f038-40f9-8b8e-4f87ce547552,fe0d1b12-5647-4998-a757-272ecd21f6ee,Sokoto,North West,40.30,2025-12-21 14:21:46.181894
f2d7e2b8-2c38-4183-be87-a333d2c9b87c,fe0d1b12-5647-4998-a757-272ecd21f6ee,Zamfara,North West,59.70,2025-12-21 14:21:46.181894
39aa8659-97ff-438e-869c-cdd01cbe5e88,fe0d1b12-5647-4998-a757-272ecd21f6ee,Abia,South East,26.40,2025-12-21 14:21:46.181894
838806b1-5170-4784-98ef-ff7b5775b0d1,fe0d1b12-5647-4998-a757-272ecd21f6ee,Anambra,South East,20.20,2025-12-21 14:21:46.181894
f2fe83c6-caf1-4ccc-a2ab-204a07681d6a,fe0d1b12-5647-4998-a757-272ecd21f6ee,Ebonyi,South East,30.20,2025-12-21 14:21:46.181894
bd07674f-4b13-4a5e-870b-13a94197f88d,fe0d1b12-5647-4998-a757-272ecd21f6ee,Enugu,South East,30.20,2025-12-21 14:21:46.181894
88e4dc9e-62a9-4504-85cb-db662420bc72,fe0d1b12-5647-4998-a757-272ecd21f6ee,Imo,South East,26.20,2025-12-21 14:21:46.181894
a6245ba7-2027-440b-8583-d6b0cd8e53d8,fe0d1b12-5647-4998-a757-272ecd21f6ee,Akwa Ibom,South South,33.50,2025-12-21 14:21:46.181894
c73cbed5-a90b-4252-bde8-50833f1454e0,fe0d1b12-5647-4998-a757-272ecd21f6ee,Bayelsa,South South,27.10,2025-12-21 14:21:46.181894
16d3059e-98e5-4f39-9429-8657e9ad10e1,fe0d1b12-5647-4998-a757-272ecd21f6ee,Cross River,South South,40.60,2025-12-21 14:21:46.181894
b0e0fb0b-7e66-4663-8696-3a05bb6edcab,fe0d1b12-5647-4998-a757-272ecd21f6ee,Delta,South South,18.90,2025-12-21 14:21:46.181894
55e91f3d-d681-4610-8454-998c832af000,fe0d1b12-5647-4998-a757-272ecd21f6ee,Edo,South South,30.20,2025-12-21 14:21:46.181894
388baec5-a145-4d61-ae60-5c6edae38e9c,fe0d1b12-5647-4998-a757-272ecd21f6ee,Rivers,South South,33.80,2025-12-21 14:21:46.181894
94c41226-22e4-443b-9451-29f02d6c59fb,fe0d1b12-5647-4998-a757-272ecd21f6ee,Ekiti,South West,36.50,2025-12-21 14:21:46.181894
8f481ed9-2c36-490e-8d5b-2acb46903679,fe0d1b12-5647-4998-a757-272ecd21f6ee,Lagos,South West,3.20,2025-12-21 14:21:46.181894
4290b693-4aa1-4201-be2c-9e6ec52e3791,fe0d1b12-5647-4998-a757-272ecd21f6ee,Ogun,South West,35.60,2025-12-21 14:21:46.181894
c518c7b7-3c2c-4e54-9d01-08ecc5633e07,fe0d1b12-5647-4998-a757-272ecd21f6ee,Ondo,South West,44.80,2025-12-21 14:21:46.181894
f1372633-016d-465a-9625-ba254186cef8,fe0d1b12-5647-4998-a757-272ecd21f6ee,Osun,South West,27.60,2025-12-21 14:21:46.181894
38564915-eb46-4ebf-80c9-a817e103c84f,fe0d1b12-5647-4998-a757-272ecd21f6ee,Oyo,South West,29.60,2025-12-21 14:21:46.181894
07ef3756-6315-47d9-8932-638ff3df1966,482284cf-5254-4210-850d-0b2287fa991a,FCT-Abuja,North Central,54.50,2025-12-21 14:21:46.3413
4e6b4406-a12b-4a2d-b3e3-32d4f10dc13e,482284cf-5254-4210-850d-0b2287fa991a,Benue,North Central,38.60,2025-12-21 14:21:46.3413
6ed271c4-1f2a-41f1-9d9c-646d74b54fec,482284cf-5254-4210-850d-0b2287fa991a,Kogi,North Central,65.80,2025-12-21 14:21:46.3413
0f07a84c-3dad-4e84-8d8f-e2ac52b2a274,482284cf-5254-4210-850d-0b2287fa991a,Kwara,North Central,63.00,2025-12-21 14:21:46.3413
a5fbf3f6-9d70-436d-a7a0-70f2e8c35e83,482284cf-5254-4210-850d-0b2287fa991a,Nasarawa,North Central,46.30,2025-12-21 14:21:46.3413
b008c92b-ce77-4a73-b51a-48404a417140,482284cf-5254-4210-850d-0b2287fa991a,Niger,North Central,25.20,2025-12-21 14:21:46.3413
8b272c75-b125-43f8-9bcf-6b2b1c9045c9,482284cf-5254-4210-850d-0b2287fa991a,Plateau,North Central,48.90,2025-12-21 14:21:46.3413
7316f5d8-59b1-4b4b-947d-3ee713f605d8,482284cf-5254-4210-850d-0b2287fa991a,Adamawa,North East,60.90,2025-12-21 14:21:46.3413
1ebcccd3-d3a2-46db-a7ff-0785b2c7ddff,482284cf-5254-4210-850d-0b2287fa991a,Bauchi,North East,17.10,2025-12-21 14:21:46.3413
ac55e9f6-9193-4f8a-914f-68b045e90b5d,482284cf-5254-4210-850d-0b2287fa991a,Borno,North East,40.20,2025-12-21 14:21:46.3413
8ed9d9e8-0f06-4140-843f-1f516d817839,482284cf-5254-4210-850d-0b2287fa991a,Gombe,North East,51.10,2025-12-21 14:21:46.3413
1c393566-f22f-4fcc-b50c-c201f341be43,482284cf-5254-4210-850d-0b2287fa991a,Taraba,North East,56.30,2025-12-21 14:21:46.3413
8080dfb5-f54b-4bef-b2eb-f878c1ed9a92,482284cf-5254-4210-850d-0b2287fa991a,Yobe,North East,30.40,2025-12-21 14:21:46.3413
e37453bb-3863-42a3-812e-2e4983b108c2,482284cf-5254-4210-850d-0b2287fa991a,Jigawa,North West,46.10,2025-12-21 14:21:46.3413
dcb74d88-8234-479e-8ff9-f1ef82810ba4,482284cf-5254-4210-850d-0b2287fa991a,Kaduna,North West,42.30,2025-12-21 14:21:46.3413
b1ca78c0-8c45-434f-9b80-8f9110105338,482284cf-5254-4210-850d-0b2287fa991a,Kano,North West,44.90,2025-12-21 14:21:46.3413
81476981-8484-4131-a163-8b5dde8e163b,482284cf-5254-4210-850d-0b2287fa991a,Katsina,North West,47.30,2025-12-21 14:21:46.3413
d90562a8-dcf1-4f3b-b821-a12d9023ee72,482284cf-5254-4210-850d-0b2287fa991a,Kebbi,North West,35.20,2025-12-21 14:21:46.3413
b089c9c7-a969-4df7-abc2-b8b7fe45c091,482284cf-5254-4210-850d-0b2287fa991a,Sokoto,North West,44.10,2025-12-21 14:21:46.3413
bc1e03bf-4871-4472-b679-89cf89838015,482284cf-5254-4210-850d-0b2287fa991a,Zamfara,North West,42.60,2025-12-21 14:21:46.3413
49fd0982-ec2d-4df9-b25c-f9ea983b5c4f,482284cf-5254-4210-850d-0b2287fa991a,Abia,South East,45.10,2025-12-21 14:21:46.3413
b28701b9-c603-44d0-a790-6bdb370bc4be,482284cf-5254-4210-850d-0b2287fa991a,Anambra,South East,85.80,2025-12-21 14:21:46.3413
230b33ca-ff58-4ff3-9ab5-547cc34e3ed0,482284cf-5254-4210-850d-0b2287fa991a,Ebonyi,South East,57.10,2025-12-21 14:21:46.3413
392e4888-7e81-4936-9998-804b5f239b7e,482284cf-5254-4210-850d-0b2287fa991a,Enugu,South East,64.30,2025-12-21 14:21:46.3413
b6244535-15c0-4a9c-8b05-efee34bf622b,482284cf-5254-4210-850d-0b2287fa991a,Imo,South East,33.10,2025-12-21 14:21:46.3413
bcf13655-0f03-4ec3-a818-d9ffc127194c,482284cf-5254-4210-850d-0b2287fa991a,Akwa Ibom,South South,48.90,2025-12-21 14:21:46.3413
4bea4f06-a35d-4ea5-acff-9676ae7c08ad,482284cf-5254-4210-850d-0b2287fa991a,Bayelsa,South South,32.10,2025-12-21 14:21:46.3413
19a6b694-9d8c-4eb7-ab5a-9be1626c1e10,482284cf-5254-4210-850d-0b2287fa991a,Cross River,South South,49.90,2025-12-21 14:21:46.3413
e90b47c1-59b3-4888-bb23-8c42572b02f2,482284cf-5254-4210-850d-0b2287fa991a,Delta,South South,36.50,2025-12-21 14:21:46.3413
9f4e256e-e865-4675-920e-9a59b5b01896,482284cf-5254-4210-850d-0b2287fa991a,Edo,South South,23.10,2025-12-21 14:21:46.3413
ced2cd9c-9a49-4637-a064-36bfa5a9db74,482284cf-5254-4210-850d-0b2287fa991a,Rivers,South South,52.50,2025-12-21 14:21:46.3413
aca9bc36-6a94-4937-9c3a-2b96d026e19c,482284cf-5254-4210-850d-0b2287fa991a,Ekiti,South West,54.50,2025-12-21 14:21:46.3413
70eceba7-c843-41a6-893c-be9f88333df9,482284cf-5254-4210-850d-0b2287fa991a,Lagos,South West,47.20,2025-12-21 14:21:46.3413
00440d97-8a46-4e29-9574-efad24e8256f,482284cf-5254-4210-850d-0b2287fa991a,Ogun,South West,73.60,2025-12-21 14:21:46.3413
b47f6920-73e2-4c45-93c6-dc7f3471e2a1,482284cf-5254-4210-850d-0b2287fa991a,Ondo,South West,47.90,2025-12-21 14:21:46.3413
ccab8715-deb2-419f-9f25-c930ce3f4c62,482284cf-5254-4210-850d-0b2287fa991a,Osun,South West,46.40,2025-12-21 14:21:46.3413
f60f1fb6-adcf-430a-b81c-4ad06302b693,482284cf-5254-4210-850d-0b2287fa991a,Oyo,South West,77.30,2025-12-21 14:21:46.3413
774674ac-f930-4063-a260-c7cf6dcadaee,7e985c5b-0dca-4b96-b0e8-63c40a73b8a5,FCT-Abuja,North Central,91.10,2025-12-21 14:21:46.492562
c6032121-908b-4586-b441-913824b5a62c,7e985c5b-0dca-4b96-b0e8-63c40a73b8a5,Benue,North Central,89.30,2025-12-21 14:21:46.492562
62b38d40-5443-471e-b3dd-3e104651d69c,7e985c5b-0dca-4b96-b0e8-63c40a73b8a5,Kogi,North Central,78.30,2025-12-21 14:21:46.492562
6be7891d-c646-4811-99ec-55a152ba2e3a,7e985c5b-0dca-4b96-b0e8-63c40a73b8a5,Kwara,North Central,90.20,2025-12-21 14:21:46.492562
e643ec74-db69-49b8-b3a7-a433c893c264,7e985c5b-0dca-4b96-b0e8-63c40a73b8a5,Nasarawa,North Central,80.60,2025-12-21 14:21:46.492562
c92006bc-4d65-43a8-9fda-ffcd1ef0b357,7e985c5b-0dca-4b96-b0e8-63c40a73b8a5,Niger,North Central,43.70,2025-12-21 14:21:46.492562
1d5e3ee3-a1b1-4d16-b71a-4c2a22487943,7e985c5b-0dca-4b96-b0e8-63c40a73b8a5,Plateau,North Central,87.90,2025-12-21 14:21:46.492562
011dde8f-1654-4247-9a43-56ea03cd9dd0,7e985c5b-0dca-4b96-b0e8-63c40a73b8a5,Adamawa,North East,97.20,2025-12-21 14:21:46.492562
c3577179-22d4-4e71-bbb8-277aa131366b,7e985c5b-0dca-4b96-b0e8-63c40a73b8a5,Bauchi,North East,65.80,2025-12-21 14:21:46.492562
db8f760c-bdb7-4bdf-8435-09b505812e1d,7e985c5b-0dca-4b96-b0e8-63c40a73b8a5,Borno,North East,69.40,2025-12-21 14:21:46.492562
119a5eaf-c6f9-46a3-8a7b-325bc828b694,7e985c5b-0dca-4b96-b0e8-63c40a73b8a5,Gombe,North East,83.10,2025-12-21 14:21:46.492562
21927922-68f9-44ca-8b80-7a7aaac4848a,7e985c5b-0dca-4b96-b0e8-63c40a73b8a5,Taraba,North East,91.50,2025-12-21 14:21:46.492562
1de6073b-1fee-4923-a91e-46d8965ecf00,7e985c5b-0dca-4b96-b0e8-63c40a73b8a5,Yobe,North East,87.10,2025-12-21 14:21:46.492562
cb950759-b422-4e7d-97ca-050afe54882a,7e985c5b-0dca-4b96-b0e8-63c40a73b8a5,Jigawa,North West,77.40,2025-12-21 14:21:46.492562
978ea193-c9af-4dda-b2b7-76159d8c0be1,7e985c5b-0dca-4b96-b0e8-63c40a73b8a5,Kaduna,North West,70.80,2025-12-21 14:21:46.492562
2feb0d35-706b-4680-a83e-d2235567e63f,7e985c5b-0dca-4b96-b0e8-63c40a73b8a5,Kano,North West,93.60,2025-12-21 14:21:46.492562
c543d5f1-ad49-4e3b-ac96-47a9297ffef4,7e985c5b-0dca-4b96-b0e8-63c40a73b8a5,Katsina,North West,87.30,2025-12-21 14:21:46.492562
3bb2667c-e247-4938-b2ca-a73ad1f7e88a,7e985c5b-0dca-4b96-b0e8-63c40a73b8a5,Kebbi,North West,60.80,2025-12-21 14:21:46.492562
88cc36ba-fffe-493e-b786-1161d4c16bc8,7e985c5b-0dca-4b96-b0e8-63c40a73b8a5,Sokoto,North West,86.20,2025-12-21 14:21:46.492562
f14da189-9011-47cf-a8a9-ff7694f39165,7e985c5b-0dca-4b96-b0e8-63c40a73b8a5,Zamfara,North West,74.90,2025-12-21 14:21:46.492562
cc45501d-e972-44a3-aebc-eb6512f10b22,7e985c5b-0dca-4b96-b0e8-63c40a73b8a5,Abia,South East,81.30,2025-12-21 14:21:46.492562
b2a2ab19-b6bb-4ba9-a5cd-3c5cbe61554f,7e985c5b-0dca-4b96-b0e8-63c40a73b8a5,Anambra,South East,98.50,2025-12-21 14:21:46.492562
54560447-ad40-4537-93ca-254842ee46a6,7e985c5b-0dca-4b96-b0e8-63c40a73b8a5,Ebonyi,South East,81.90,2025-12-21 14:21:46.492562
631ee974-8d56-49e2-856b-6d771e9f3de2,7e985c5b-0dca-4b96-b0e8-63c40a73b8a5,Enugu,South East,91.50,2025-12-21 14:21:46.492562
0850bba7-5564-4317-b432-f1fbd81dee5d,7e985c5b-0dca-4b96-b0e8-63c40a73b8a5,Imo,South East,75.70,2025-12-21 14:21:46.492562
6d5d7952-95a7-4db5-a0d3-2e06767e5600,7e985c5b-0dca-4b96-b0e8-63c40a73b8a5,Akwa Ibom,South South,68.40,2025-12-21 14:21:46.492562
dcd95a05-b0cd-427a-88d8-9e67ecf9df01,7e985c5b-0dca-4b96-b0e8-63c40a73b8a5,Bayelsa,South South,56.00,2025-12-21 14:21:46.492562
19fca705-95ef-4283-bf81-b25cf53a8a6e,7e985c5b-0dca-4b96-b0e8-63c40a73b8a5,Cross River,South South,85.90,2025-12-21 14:21:46.492562
25b0d18e-db60-47f9-aa36-2f475927060b,7e985c5b-0dca-4b96-b0e8-63c40a73b8a5,Delta,South South,67.20,2025-12-21 14:21:46.492562
5d5f28ca-adc1-4276-afb7-eff52541c12b,7e985c5b-0dca-4b96-b0e8-63c40a73b8a5,Edo,South South,76.70,2025-12-21 14:21:46.492562
55a115a0-c87a-418d-898b-6cad4875f569,7e985c5b-0dca-4b96-b0e8-63c40a73b8a5,Rivers,South South,76.20,2025-12-21 14:21:46.492562
783ba372-6477-4bef-9da9-d676a445cef7,7e985c5b-0dca-4b96-b0e8-63c40a73b8a5,Ekiti,South West,94.90,2025-12-21 14:21:46.492562
619d5fbf-ae1e-46a8-a2fc-80145ed2a34f,7e985c5b-0dca-4b96-b0e8-63c40a73b8a5,Lagos,South West,88.10,2025-12-21 14:21:46.492562
db302803-e6a9-4197-ba97-7668763e9f91,7e985c5b-0dca-4b96-b0e8-63c40a73b8a5,Ogun,South West,86.20,2025-12-21 14:21:46.492562
47e0e7c3-ef37-4c63-a25f-ad00a59ce9db,7e985c5b-0dca-4b96-b0e8-63c40a73b8a5,Ondo,South West,87.30,2025-12-21 14:21:46.492562
9b103550-1b8b-4670-9cd0-21c9c1f524a6,7e985c5b-0dca-4b96-b0e8-63c40a73b8a5,Osun,South West,92.50,2025-12-21 14:21:46.492562
03de4e7a-ecea-4754-8312-356b974e6986,7e985c5b-0dca-4b96-b0e8-63c40a73b8a5,Oyo,South West,98.30,2025-12-21 14:21:46.492562
